"","nome_mun","CD_GEOCODI","cod_rgi","nome_rgi","cod_rgint","nome_rgint"
"1","Porto Velho","1100205","110001","Porto Velho","1101","Porto Velho"
"2","Ariquemes","1100023","110002","Ariquemes","1101","Porto Velho"
"3","Jaru","1100114","110003","Jaru","1101","Porto Velho"
"4","Ji-Paraná","1100122","110004","Ji-Paraná","1102","Ji-Paraná"
"5","Cacoal","1100049","110005","Cacoal","1102","Ji-Paraná"
"6","Vilhena","1100304","110006","Vilhena","1102","Ji-Paraná"
"7","Rio Branco","1200401","120001","Rio Branco","1201","Rio Branco"
"8","Brasiléia","1200104","120002","Brasiléia","1201","Rio Branco"
"9","Sena Madureira","1200500","120003","Sena Madureira","1201","Rio Branco"
"10","Cruzeiro do Sul","1200203","120004","Cruzeiro do Sul","1202","Cruzeiro do Sul"
"11","Tarauacá","1200609","120005","Tarauacá","1202","Cruzeiro do Sul"
"12","Manaus","1302603","130001","Manaus","1301","Manaus"
"13","São Gabriel da Cachoeira","1303809","130002","São Gabriel da Cachoeira","1301","Manaus"
"14","Coari","1301209","130003","Coari","1301","Manaus"
"15","Manacapuru","1302504","130004","Manacapuru","1301","Manaus"
"16","Tefé","1304203","130005","Tefé","1302","Tefé"
"17","Tabatinga","1304062","130006","Tabatinga","1302","Tefé"
"18","Eirunepé","1301407","130007","Eirunepé","1302","Tefé"
"19","Lábrea","1302405","130008","Lábrea","1303","Lábrea"
"20","Manicoré","1302702","130009","Manicoré","1303","Lábrea"
"21","Parintins","1303403","130010","Parintins","1304","Parintins"
"22","Itacoatiara","1301902","130011","Itacoatiara","1304","Parintins"
"23","Boa Vista","1400100","140001","Boa Vista","1401","Boa Vista"
"24","Pacaraima","1400456","140002","Pacaraima","1401","Boa Vista"
"25","Rorainópolis","1400472","140003","Rorainópolis","1402","Rorainópolis - Caracaraí"
"26","Caracaraí","1400209","140004","Caracaraí","1402","Rorainópolis - Caracaraí"
"27","Belém","1501402","150001","Belém","1501","Belém"
"28","Cametá","1502103","150002","Cametá","1501","Belém"
"29","Abaetetuba","1500107","150003","Abaetetuba","1501","Belém"
"30","Castanhal","1502400","150004","Castanhal","1502","Castanhal"
"31","Bragança","1501709","150005","Bragança","1502","Castanhal"
"32","Capanema","1502202","150006","Capanema","1502","Castanhal"
"33","Paragominas","1505502","150007","Paragominas","1502","Castanhal"
"34","Capitão Poço","1502301","150008","Capitão Poço","1502","Castanhal"
"35","Marabá","1504208","150009","Marabá","1503","Marabá"
"36","Parauapebas","1505536","150010","Parauapebas","1503","Marabá"
"37","Tucuruí","1508100","150011","Tucuruí","1503","Marabá"
"38","Redenção","1506138","150012","Redenção","1504","Redenção"
"39","Xinguara","1508407","150014","Xinguara","1504","Redenção"
"40","Santarém","1506807","150015","Santarém","1505","Santarém"
"41","Itaituba","1503606","150016","Itaituba","1505","Santarém"
"42","Oriximiná","1505304","150017","Oriximiná","1505","Santarém"
"43","Altamira","1500602","150018","Altamira","1506","Altamira"
"44","Breves","1501808","150020","Breves","1507","Breves"
"45","Macapá","1600303","160001","Macapá","1601","Macapá"
"46","Laranjal do Jari","1600279","160002","Laranjal do Jari","1601","Macapá"
"47","Oiapoque","1600501","160003","Oiapoque","1602","Oiapoque - Porto Grande"
"48","Porto Grande","1600535","160004","Porto Grande","1602","Oiapoque - Porto Grande"
"49","Palmas","1721000","170001","Palmas","1701","Palmas"
"50","Porto Nacional","1718204","170002","Porto Nacional","1701","Palmas"
"51","Paraíso do Tocantins","1716109","170003","Paraíso do Tocantins","1701","Palmas"
"52","Miracema do Tocantins","1713205","170004","Miracema do Tocantins","1701","Palmas"
"53","Araguaína","1702109","170005","Araguaína","1702","Araguaína"
"54","Guaraí","1709302","170006","Guaraí","1702","Araguaína"
"55","Colinas do Tocantins","1705508","170007","Colinas do Tocantins","1702","Araguaína"
"56","Tocantinópolis","1721208","170008","Tocantinópolis","1702","Araguaína"
"57","Araguatins","1702208","170009","Araguatins","1702","Araguaína"
"58","Gurupi","1709500","170010","Gurupi","1703","Gurupi"
"59","Dianópolis","1707009","170011","Dianópolis","1703","Gurupi"
"60","São Luís","2111300","210001","São Luís","2101","São Luís"
"61","Pinheiro","2108603","210002","Pinheiro","2101","São Luís"
"62","Chapadinha","2103208","210003","Chapadinha","2101","São Luís"
"63","Itapecuru Mirim","2105401","210004","Itapecuru Mirim","2101","São Luís"
"64","Viana","2112803","210005","Viana","2101","São Luís"
"65","Barreirinhas","2101707","210006","Barreirinhas","2101","São Luís"
"66","Cururupu","2103703","210008","Cururupu","2101","São Luís"
"67","Santa Inês","2109908","210009","Santa Inês","2102","Santa Inês - Bacabal"
"68","Bacabal","2101202","210010","Bacabal","2102","Santa Inês - Bacabal"
"69","Governador Nunes Freire","2104677","210011","Governador Nunes Freire","2102","Santa Inês - Bacabal"
"70","Pedreiras","2108207","210012","Pedreiras","2102","Santa Inês - Bacabal"
"71","Caxias","2103000","210013","Caxias","2103","Caxias"
"72","Timon","2112209","210014","Timon","2103","Caxias"
"73","Codó","2103307","210015","Codó","2103","Caxias"
"74","Presidente Dutra","2109106","210016","Presidente Dutra","2104","Presidente Dutra"
"75","São João dos Patos","2111102","210017","São João dos Patos","2104","Presidente Dutra"
"76","Colinas","2103505","210018","Colinas","2104","Presidente Dutra"
"77","Imperatriz","2105302","210019","Imperatriz","2105","Imperatriz"
"78","Barra do Corda","2101608","210020","Barra do Corda","2105","Imperatriz"
"79","Açailândia","2100055","210021","Açailândia","2105","Imperatriz"
"80","Balsas","2101400","210022","Balsas","2105","Imperatriz"
"81","Teresina","2211001","220001","Teresina","2201","Teresina"
"82","Campo Maior","2202208","220003","Campo Maior","2201","Teresina"
"83","Valença do Piauí","2211308","220004","Valença do Piauí","2201","Teresina"
"84","Barras","2201200","220005","Barras","2201","Teresina"
"85","Parnaíba","2207702","220006","Parnaíba","2202","Parnaíba"
"86","Piripiri","2208403","220007","Piripiri","2202","Parnaíba"
"87","Esperantina","2203701","220008","Esperantina","2202","Parnaíba"
"88","Picos","2208007","220009","Picos","2203","Picos"
"89","Paulistana","2207801","220010","Paulistana","2203","Picos"
"90","Oeiras","2207009","220011","Oeiras","2203","Picos"
"91","Simplício Mendes","2210805","220012","Simplício Mendes","2203","Picos"
"92","São Raimundo Nonato","2210607","220013","São Raimundo Nonato","2204","São Raimundo Nonato"
"93","São João do Piauí","2210003","220014","São João do Piauí","2204","São Raimundo Nonato"
"94","Corrente","2202901","220015","Corrente","2205","Corrente - Bom Jesus"
"95","Bom Jesus","2201903","220016","Bom Jesus","2205","Corrente - Bom Jesus"
"96","Floriano","2203909","220017","Floriano","2206","Floriano"
"97","Uruçuí","2211209","220018","Uruçuí","2206","Floriano"
"98","Canto do Buriti","2202307","220019","Canto do Buriti","2206","Floriano"
"99","Fortaleza","2304400","230001","Fortaleza","2301","Fortaleza"
"100","Itapipoca","2306405","230002","Itapipoca","2301","Fortaleza"
"101","Canindé","2302800","230004","Canindé","2301","Fortaleza"
"102","Itapagé","2306306","230005","Itapagé","2301","Fortaleza"
"103","Quixadá","2311306","230006","Quixadá","2302","Quixadá"
"104","Aracati","2301109","230008","Aracati","2302","Quixadá"
"105","Iguatu","2305506","230009","Iguatu","2303","Iguatu"
"106","Icó","2305407","230010","Icó","2303","Iguatu"
"107","Juazeiro do Norte","2307304","230011","Juazeiro do Norte","2304","Juazeiro do Norte"
"108","Brejo Santo","2302503","230012","Brejo Santo","2304","Juazeiro do Norte"
"109","Crateús","2304103","230013","Crateús","2305","Crateús"
"110","Tauá","2313302","230014","Tauá","2305","Crateús"
"111","Sobral","2312908","230015","Sobral","2306","Sobral"
"112","Acaraú","2300200","230017","Acaraú","2306","Sobral"
"113","Camocim","2302602","230018","Camocim","2306","Sobral"
"114","Natal","2408102","240001","Natal","2401","Natal"
"115","Canguaretama","2402204","240003","Canguaretama","2401","Natal"
"116","Santa Cruz","2411205","240004","Santa Cruz","2401","Natal"
"117","João Câmara","2405801","240005","João Câmara","2401","Natal"
"118","São Paulo do Potengi","2412609","240006","São Paulo do Potengi","2401","Natal"
"119","Caicó","2402006","240007","Caicó","2402","Caicó"
"120","Currais Novos","2403103","240008","Currais Novos","2402","Caicó"
"121","Mossoró","2408003","240009","Mossoró","2403","Mossoró"
"122","Pau dos Ferros","2409407","240010","Pau dos Ferros","2403","Mossoró"
"123","Açu","2400208","240011","Açu","2403","Mossoró"
"124","João Pessoa","2507507","250001","João Pessoa","2501","João Pessoa"
"125","Guarabira","2506301","250002","Guarabira","2501","João Pessoa"
"126","Itabaiana","2506905","250004","Itabaiana","2501","João Pessoa"
"127","Campina Grande","2504009","250005","Campina Grande","2502","Campina Grande"
"128","Monteiro","2509701","250007","Monteiro","2502","Campina Grande"
"129","Sumé","2516300","250008","Sumé","2502","Campina Grande"
"130","Patos","2510808","250009","Patos","2503","Patos"
"131","Itaporanga","2507002","250010","Itaporanga","2503","Patos"
"132","Pombal","2512101","250012","Pombal","2503","Patos"
"133","Princesa Isabel","2512309","250013","Princesa Isabel","2503","Patos"
"134","Sousa","2516201","250014","Sousa","2504","Sousa - Cajazeiras"
"135","Cajazeiras","2503704","250015","Cajazeiras","2504","Sousa - Cajazeiras"
"136","Recife","2611606","260001","Recife","2601","Recife"
"137","Palmares","2610004","260003","Palmares","2601","Recife"
"138","Limoeiro","2608909","260004","Limoeiro","2601","Recife"
"139","Vitória de Santo Antão","2616407","260005","Vitória de Santo Antão","2601","Recife"
"140","Carpina","2604007","260006","Carpina","2601","Recife"
"141","Surubim","2614501","260008","Surubim","2601","Recife"
"142","Caruaru","2604106","260009","Caruaru","2602","Caruaru"
"143","Garanhuns","2606002","260010","Garanhuns","2602","Caruaru"
"144","Arcoverde","2601201","260011","Arcoverde","2602","Caruaru"
"145","Serra Talhada","2613909","260013","Serra Talhada","2603","Serra Talhada"
"146","Afogados da Ingazeira","2600104","260014","Afogados da Ingazeira","2603","Serra Talhada"
"147","Petrolina","2611101","260015","Petrolina","2604","Petrolina"
"148","Araripina","2601102","260016","Araripina","2604","Petrolina"
"149","Salgueiro","2612208","260017","Salgueiro","2604","Petrolina"
"150","Maceió","2704302","270001","Maceió","2701","Maceió"
"151","Penedo","2706703","270003","Penedo","2701","Maceió"
"152","São Miguel dos Campos","2708600","270004","São Miguel dos Campos","2701","Maceió"
"153","União dos Palmares","2709301","270005","União dos Palmares","2701","Maceió"
"154","Atalaia","2700409","270006","Atalaia","2701","Maceió"
"155","Arapiraca","2700300","270007","Arapiraca","2702","Arapiraca"
"156","Palmeira dos Índios","2706307","270008","Palmeira dos Índios","2702","Arapiraca"
"157","Delmiro Gouveia","2702405","270009","Delmiro Gouveia","2702","Arapiraca"
"158","Santana do Ipanema","2708006","270010","Santana do Ipanema","2702","Arapiraca"
"159","Aracaju","2800308","280001","Aracaju","2801","Aracaju"
"160","Estância","2802106","280002","Estância","2801","Aracaju"
"161","Propriá","2805703","280003","Propriá","2801","Aracaju"
"162","Itabaiana","2802908","280004","Itabaiana","2802","Itabaiana"
"163","Lagarto","2803500","280005","Lagarto","2802","Itabaiana"
"164","Nossa Senhora da Glória","2804508","280006","Nossa Senhora da Glória","2802","Itabaiana"
"165","Salvador","2927408","290001","Salvador","2901","Salvador"
"166","Alagoinhas","2900702","290002","Alagoinhas","2901","Salvador"
"167","Santo Antônio de Jesus","2928703","290003","Santo Antônio de Jesus","2902","Santo Antônio de Jesus"
"168","Cruz das Almas","2909802","290004","Cruz das Almas","2902","Santo Antônio de Jesus"
"169","Valença","2932903","290005","Valença","2902","Santo Antônio de Jesus"
"170","Teixeira de Freitas","2931350","290008","Teixeira de Freitas","2903","Ilhéus – Itabuna"
"171","Camacan","2905602","290010","Camacan","2903","Ilhéus – Itabuna"
"172","Vitória da Conquista","2933307","290011","Vitória da Conquista","2904","Vitória da Conquista"
"173","Jequié","2918001","290012","Jequié","2904","Vitória da Conquista"
"174","Brumado","2904605","290013","Brumado","2904","Vitória da Conquista"
"175","Ipiaú","2913903","290014","Ipiaú","2904","Vitória da Conquista"
"176","Itapetinga","2916401","290015","Itapetinga","2904","Vitória da Conquista"
"177","Guanambi","2911709","290016","Guanambi","2905","Guanambi"
"178","Bom Jesus da Lapa","2903904","290017","Bom Jesus da Lapa","2905","Guanambi"
"179","Barreiras","2903201","290018","Barreiras","2906","Barreiras"
"180","Irecê","2914604","290020","Irecê","2907","Irecê"
"181","Juazeiro","2918407","290022","Juazeiro","2908","Juazeiro"
"182","Senhor do Bonfim","2930105","290023","Senhor do Bonfim","2908","Juazeiro"
"183","Paulo Afonso","2924009","290024","Paulo Afonso","2909","Paulo Afonso"
"184","Ribeira do Pombal","2926608","290025","Ribeira do Pombal","2909","Paulo Afonso"
"185","Euclides da Cunha","2910701","290026","Euclides da Cunha","2909","Paulo Afonso"
"186","Cícero Dantas","2907806","290027","Cícero Dantas","2909","Paulo Afonso"
"187","Jeremoabo","2918100","290028","Jeremoabo","2909","Paulo Afonso"
"188","Feira de Santana","2910800","290029","Feira de Santana","2910","Feira de Santana"
"189","Jacobina","2917508","290030","Jacobina","2910","Feira de Santana"
"190","Itaberaba","2914703","290031","Itaberaba","2910","Feira de Santana"
"191","Conceição do Coité","2908408","290032","Conceição do Coité","2910","Feira de Santana"
"192","Serrinha","2930501","290033","Serrinha","2910","Feira de Santana"
"193","Seabra","2929909","290034","Seabra","2910","Feira de Santana"
"194","Belo Horizonte","3106200","310001","Belo Horizonte","3101","Belo Horizonte"
"195","Sete Lagoas","3167202","310002","Sete Lagoas","3101","Belo Horizonte"
"196","Curvelo","3120904","310004","Curvelo","3101","Belo Horizonte"
"197","Itabira","3131703","310005","Itabira","3101","Belo Horizonte"
"198","Montes Claros","3143302","310006","Montes Claros","3102","Montes Claros"
"199","Janaúba","3135100","310007","Janaúba","3102","Montes Claros"
"200","Salinas","3157005","310008","Salinas","3102","Montes Claros"
"201","Januária","3135209","310009","Januária","3102","Montes Claros"
"202","Pirapora","3151206","310010","Pirapora","3102","Montes Claros"
"203","São Francisco","3161106","310011","São Francisco","3102","Montes Claros"
"204","Espinosa","3124302","310012","Espinosa","3102","Montes Claros"
"205","Teófilo Otoni","3168606","310013","Teófilo Otoni","3103","Teófilo Otoni"
"206","Capelinha","3112307","310014","Capelinha","3103","Teófilo Otoni"
"207","Almenara","3101706","310015","Almenara","3103","Teófilo Otoni"
"208","Diamantina","3121605","310016","Diamantina","3103","Teófilo Otoni"
"209","Araçuaí","3103405","310017","Araçuaí","3103","Teófilo Otoni"
"210","Pedra Azul","3148707","310018","Pedra Azul","3103","Teófilo Otoni"
"211","Águas Formosas","3100906","310019","Águas Formosas","3103","Teófilo Otoni"
"212","Governador Valadares","3127701","310020","Governador Valadares","3104","Governador Valadares"
"213","Guanhães","3128006","310021","Guanhães","3104","Governador Valadares"
"214","Mantena","3139607","310022","Mantena","3104","Governador Valadares"
"215","Ipatinga","3131307","310024","Ipatinga","3105","Ipatinga"
"216","Caratinga","3113404","310025","Caratinga","3105","Ipatinga"
"217","João Monlevade","3136207","310026","João Monlevade","3105","Ipatinga"
"218","Juiz de Fora","3136702","310027","Juiz de Fora","3106","Juíz de Fora"
"219","Manhuaçu","3139409","310028","Manhuaçu","3106","Juíz de Fora"
"220","Ubá","3169901","310029","Ubá","3106","Juíz de Fora"
"221","Ponte Nova","3152105","310030","Ponte Nova","3106","Juíz de Fora"
"222","Muriaé","3143906","310031","Muriaé","3106","Juíz de Fora"
"223","Cataguases","3115300","310032","Cataguases","3106","Juíz de Fora"
"224","Viçosa","3171303","310033","Viçosa","3106","Juíz de Fora"
"225","Carangola","3113305","310034","Carangola","3106","Juíz de Fora"
"226","Além Paraíba","3101508","310036","Além Paraíba","3106","Juíz de Fora"
"227","Barbacena","3105608","310037","Barbacena","3107","Barbacena"
"228","Conselheiro Lafaiete","3118304","310038","Conselheiro Lafaiete","3107","Barbacena"
"229","São João del Rei","3162500","310039","São João del Rei","3107","Barbacena"
"230","Varginha","3170701","310040","Varginha","3108","Varginha"
"231","Passos","3147907","310041","Passos","3108","Varginha"
"232","Alfenas","3101607","310042","Alfenas","3108","Varginha"
"233","Lavras","3138203","310043","Lavras","3108","Varginha"
"234","Guaxupé","3128709","310044","Guaxupé","3108","Varginha"
"235","Três Corações","3169307","310045","Três Corações","3108","Varginha"
"236","São Sebastião do Paraíso","3164704","310047","São Sebastião do Paraíso","3108","Varginha"
"237","Campo Belo","3111200","310048","Campo Belo","3108","Varginha"
"238","Piumhi","3151503","310049","Piumhi","3108","Varginha"
"239","Pouso Alegre","3152501","310050","Pouso Alegre","3109","Pouso Alegre"
"240","Poços de Caldas","3151800","310051","Poços de Caldas","3109","Pouso Alegre"
"241","Itajubá","3132404","310052","Itajubá","3109","Pouso Alegre"
"242","São Lourenço","3163706","310053","São Lourenço","3109","Pouso Alegre"
"243","Uberaba","3170107","310055","Uberaba","3110","Uberaba"
"244","Araxá","3104007","310056","Araxá","3110","Uberaba"
"245","Frutal","3127107","310057","Frutal","3110","Uberaba"
"246","Iturama","3134400","310058","Iturama","3110","Uberaba"
"247","Uberlândia","3170206","310059","Uberlândia","3111","Uberlândia"
"248","Ituiutaba","3134202","310060","Ituiutaba","3111","Uberlândia"
"249","Monte Carmelo","3143104","310061","Monte Carmelo","3111","Uberlândia"
"250","Patos de Minas","3148004","310062","Patos de Minas","3112","Patos de Minas"
"251","Unaí","3170404","310063","Unaí","3112","Patos de Minas"
"252","Patrocínio","3148103","310064","Patrocínio","3112","Patos de Minas"
"253","Divinópolis","3122306","310065","Divinópolis","3113","Divinópolis"
"254","Formiga","3126109","310066","Formiga","3113","Divinópolis"
"255","Dores do Indaiá","3123205","310067","Dores do Indaiá","3113","Divinópolis"
"256","Pará de Minas","3147105","310068","Pará de Minas","3113","Divinópolis"
"257","Oliveira","3145604","310069","Oliveira","3113","Divinópolis"
"258","Abaeté","3100203","310070","Abaeté","3113","Divinópolis"
"259","Vitória","3205309","320001","Vitória","3201","Vitória"
"260","São Mateus","3204906","320003","São Mateus","3202","São Mateus"
"261","Linhares","3203205","320004","Linhares","3202","São Mateus"
"262","Colatina","3201506","320005","Colatina","3203","Colatina"
"263","Nova Venécia","3203908","320006","Nova Venécia","3203","Colatina"
"264","Cachoeiro de Itapemirim","3201209","320007","Cachoeiro de Itapemirim","3204","Cachoeiro do Itapemirim"
"265","Alegre","3200201","320008","Alegre","3204","Cachoeiro do Itapemirim"
"266","Rio de Janeiro","3304557","330001","Rio de Janeiro","3301","Rio de Janeiro"
"267","Angra dos Reis","3300100","330002","Angra dos Reis","3301","Rio de Janeiro"
"268","Rio Bonito","3304300","330003","Rio Bonito","3301","Rio de Janeiro"
"269","Resende","3304201","330005","Resende","3302","Volta Redonda - Barra Mansa"
"270","Valença","3306107","330006","Valença","3302","Volta Redonda - Barra Mansa"
"271","Petrópolis","3303906","330007","Petrópolis","3303","Petrópolis"
"272","Nova Friburgo","3303401","330008","Nova Friburgo","3303","Petrópolis"
"273","Campos dos Goytacazes","3301009","330010","Campos dos Goytacazes","3304","Campos dos Goytacazes"
"274","Itaperuna","3302205","330011","Itaperuna","3304","Campos dos Goytacazes"
"275","Santo Antônio de Pádua","3304706","330012","Santo Antônio de Pádua","3304","Campos dos Goytacazes"
"276","Cabo Frio","3300704","330013","Cabo Frio","3305","Macaé - Rio das Ostras - Cabo Frio"
"277","São Paulo","3550308","350001","São Paulo","3501","São Paulo"
"278","Santos","3548500","350002","Santos","3501","São Paulo"
"279","Sorocaba","3552205","350003","Sorocaba","3502","Sorocaba"
"280","Itapeva","3522406","350004","Itapeva","3502","Sorocaba"
"281","Registro","3542602","350005","Registro","3502","Sorocaba"
"282","Itapetininga","3522307","350006","Itapetininga","3502","Sorocaba"
"283","Avaré","3504503","350007","Avaré","3502","Sorocaba"
"284","Tatuí","3554003","350008","Tatuí","3502","Sorocaba"
"285","Bauru","3506003","350009","Bauru","3503","Bauru"
"286","Jaú","3525300","350010","Jaú","3503","Bauru"
"287","Botucatu","3507506","350011","Botucatu","3503","Bauru"
"288","Lins","3527108","350012","Lins","3503","Bauru"
"289","Marília","3529005","350013","Marília","3504","Marília"
"290","Assis","3504008","350014","Assis","3504","Marília"
"291","Ourinhos","3534708","350015","Ourinhos","3504","Marília"
"292","Tupã","3555000","350016","Tupã","3504","Marília"
"293","Piraju","3538808","350017","Piraju","3504","Marília"
"294","Presidente Prudente","3541406","350018","Presidente Prudente","3505","Presidente Prudente"
"295","Dracena","3514403","350020","Dracena","3505","Presidente Prudente"
"296","Araçatuba","3502804","350022","Araçatuba","3506","Araçatuba"
"297","Andradina","3502101","350024","Andradina","3506","Araçatuba"
"298","São José do Rio Preto","3549805","350025","São José do Rio Preto","3507","São José do Rio Preto"
"299","Catanduva","3511102","350026","Catanduva","3507","São José do Rio Preto"
"300","Votuporanga","3557105","350027","Votuporanga","3507","São José do Rio Preto"
"301","Jales","3524808","350028","Jales","3507","São José do Rio Preto"
"302","Fernandópolis","3515509","350029","Fernandópolis","3507","São José do Rio Preto"
"303","Santa Fé do Sul","3546603","350030","Santa Fé do Sul","3507","São José do Rio Preto"
"304","Ribeirão Preto","3543402","350031","Ribeirão Preto","3508","Ribeirão Preto"
"305","Barretos","3505500","350032","Barretos","3508","Ribeirão Preto"
"306","Franca","3516200","350033","Franca","3508","Ribeirão Preto"
"307","Ituverava","3524105","350035","Ituverava","3508","Ribeirão Preto"
"308","Araraquara","3503208","350036","Araraquara","3509","Araraquara"
"309","São Carlos","3548906","350037","São Carlos","3509","Araraquara"
"310","Campinas","3509502","350038","Campinas","3510","Campinas"
"311","Jundiaí","3525904","350039","Jundiaí","3510","Campinas"
"312","Piracicaba","3538709","350040","Piracicaba","3510","Campinas"
"313","Bragança Paulista","3507605","350041","Bragança Paulista","3510","Campinas"
"314","Limeira","3526902","350042","Limeira","3510","Campinas"
"315","Mogi Guaçu","3530706","350043","Mogi Guaçu","3510","Campinas"
"316","São João da Boa Vista","3549102","350044","São João da Boa Vista","3510","Campinas"
"317","Araras","3503307","350045","Araras","3510","Campinas"
"318","Rio Claro","3543907","350046","Rio Claro","3510","Campinas"
"319","Amparo","3501905","350048","Amparo","3510","Campinas"
"320","São José dos Campos","3549904","350049","São José dos Campos","3511","São José dos Campos"
"321","Guaratinguetá","3518404","350052","Guaratinguetá","3511","São José dos Campos"
"322","Cruzeiro","3513405","350053","Cruzeiro","3511","São José dos Campos"
"323","Curitiba","4106902","410001","Curitiba","4101","Curitiba"
"324","Paranaguá","4118204","410002","Paranaguá","4101","Curitiba"
"325","União da Vitória","4128203","410003","União da Vitória","4101","Curitiba"
"326","Guarapuava","4109401","410004","Guarapuava","4102","Guarapuava"
"327","Pitanga","4119608","410005","Pitanga","4102","Guarapuava"
"328","Cascavel","4104808","410006","Cascavel","4103","Cascavel"
"329","Foz do Iguaçu","4108304","410007","Foz do Iguaçu","4103","Cascavel"
"330","Toledo","4127700","410008","Toledo","4103","Cascavel"
"331","Francisco Beltrão","4108403","410009","Francisco Beltrão","4103","Cascavel"
"332","Pato Branco","4118501","410010","Pato Branco","4103","Cascavel"
"333","Dois Vizinhos","4107207","410012","Dois Vizinhos","4103","Cascavel"
"334","Marechal Cândido Rondon","4114609","410013","Marechal Cândido Rondon","4103","Cascavel"
"335","Maringá","4115200","410014","Maringá","4104","Maringá"
"336","Campo Mourão","4104303","410015","Campo Mourão","4104","Maringá"
"337","Umuarama","4128104","410016","Umuarama","4104","Maringá"
"338","Paranavaí","4118402","410017","Paranavaí","4104","Maringá"
"339","Cianorte","4105508","410018","Cianorte","4104","Maringá"
"340","Loanda","4113502","410020","Loanda","4104","Maringá"
"341","Londrina","4113700","410021","Londrina","4105","Londrina"
"342","Santo Antônio da Platina","4124103","410022","Santo Antônio da Platina","4105","Londrina"
"343","Apucarana","4101408","410023","Apucarana","4105","Londrina"
"344","Ivaiporã","4111506","410025","Ivaiporã","4105","Londrina"
"345","Ibaiti","4109708","410026","Ibaiti","4105","Londrina"
"346","Ponta Grossa","4119905","410027","Ponta Grossa","4106","Ponta Grossa"
"347","Telêmaco Borba","4127106","410028","Telêmaco Borba","4106","Ponta Grossa"
"348","Irati","4110706","410029","Irati","4106","Ponta Grossa"
"349","Florianópolis","4205407","420001","Florianópolis","4201","Florianópolis"
"350","Criciúma","4204608","420002","Criciúma","4202","Criciúma"
"351","Tubarão","4218707","420003","Tubarão","4202","Criciúma"
"352","Araranguá","4201406","420004","Araranguá","4202","Criciúma"
"353","Lages","4209300","420005","Lages","4203","Lages"
"354","Curitibanos","4204806","420006","Curitibanos","4203","Lages"
"355","Chapecó","4204202","420007","Chapecó","4204","Chapecó"
"356","São Miguel do Oeste","4217204","420009","São Miguel do Oeste","4204","Chapecó"
"357","Concórdia","4204301","420010","Concórdia","4204","Chapecó"
"358","Xanxerê","4219507","420011","Xanxerê","4204","Chapecó"
"359","Maravilha","4210506","420012","Maravilha","4204","Chapecó"
"360","São Lourenço do Oeste","4216909","420013","São Lourenço do Oeste","4204","Chapecó"
"361","Caçador","4203006","420014","Caçador","4205","Caçador"
"362","Videira","4219309","420015","Videira","4205","Caçador"
"363","Joinville","4209102","420016","Joinville","4206","Joinville"
"364","Mafra","4210100","420017","Mafra","4206","Joinville"
"365","Blumenau","4202404","420019","Blumenau","4207","Blumenau"
"366","Itajaí","4208203","420020","Itajaí","4207","Blumenau"
"367","Brusque","4202909","420021","Brusque","4207","Blumenau"
"368","Rio do Sul","4214805","420022","Rio do Sul","4207","Blumenau"
"369","Ituporanga","4208500","420024","Ituporanga","4207","Blumenau"
"370","Porto Alegre","4314902","430001","Porto Alegre","4301","Porto Alegre"
"371","Camaquã","4303509","430005","Camaquã","4301","Porto Alegre"
"372","Montenegro","4312401","430007","Montenegro","4301","Porto Alegre"
"373","Torres","4321501","430008","Torres","4301","Porto Alegre"
"374","Pelotas","4314407","430009","Pelotas","4302","Pelotas"
"375","Bagé","4301602","430010","Bagé","4302","Pelotas"
"376","Santa Maria","4316907","430011","Santa Maria","4303","Santa Maria"
"377","Cachoeira do Sul","4303004","430013","Cachoeira do Sul","4303","Santa Maria"
"378","Santiago","4317400","430014","Santiago","4303","Santa Maria"
"379","Uruguaiana","4322400","430015","Uruguaiana","4304","Uruguaiana"
"380","São Borja","4318002","430017","São Borja","4304","Uruguaiana"
"381","Ijuí","4310207","430018","Ijuí","4305","Ijuí"
"382","Santa Rosa","4317202","430019","Santa Rosa","4305","Ijuí"
"383","Santo Ângelo","4317509","430020","Santo Ângelo","4305","Ijuí"
"384","Três Passos","4321907","430021","Três Passos","4305","Ijuí"
"385","São Luiz Gonzaga","4318903","430022","São Luiz Gonzaga","4305","Ijuí"
"386","Três de Maio","4321808","430023","Três de Maio","4305","Ijuí"
"387","Cerro Largo","4305207","430024","Cerro Largo","4305","Ijuí"
"388","Passo Fundo","4314100","430025","Passo Fundo","4306","Passo Fundo"
"389","Erechim","4307005","430026","Erechim","4306","Passo Fundo"
"390","Cruz Alta","4306106","430027","Cruz Alta","4306","Passo Fundo"
"391","Carazinho","4304705","430028","Carazinho","4306","Passo Fundo"
"392","Frederico Westphalen","4308508","430029","Frederico Westphalen","4306","Passo Fundo"
"393","Marau","4311809","430030","Marau","4306","Passo Fundo"
"394","Soledade","4320800","430031","Soledade","4306","Passo Fundo"
"395","Lagoa Vermelha","4311304","430033","Lagoa Vermelha","4306","Passo Fundo"
"396","Palmeira das Missões","4313706","430034","Palmeira das Missões","4306","Passo Fundo"
"397","Nonoai","4312708","430035","Nonoai","4306","Passo Fundo"
"398","Caxias do Sul","4305108","430036","Caxias do Sul","4307","Caxias do Sul"
"399","Bento Gonçalves","4302105","430037","Bento Gonçalves","4307","Caxias do Sul"
"400","Vacaria","4322509","430039","Vacaria","4307","Caxias do Sul"
"401","Santa Cruz do Sul","4316808","430040","Santa Cruz do Sul","4308","Santa Cruz do Sul - Lajeado"
"402","Lajeado","4311403","430041","Lajeado","4308","Santa Cruz do Sul - Lajeado"
"403","Sobradinho","4320701","430042","Sobradinho","4308","Santa Cruz do Sul - Lajeado"
"404","Encantado","4306809","430043","Encantado","4308","Santa Cruz do Sul - Lajeado"
"405","Campo Grande","5002704","500001","Campo Grande","5001","Campo Grande"
"406","Três Lagoas","5008305","500002","Três Lagoas","5001","Campo Grande"
"407","Coxim","5003306","500004","Coxim","5001","Campo Grande"
"408","Dourados","5003702","500005","Dourados","5002","Dourados"
"409","Nova Andradina","5006200","500007","Nova Andradina","5002","Dourados"
"410","Ponta Porã","5006606","500008","Ponta Porã","5002","Dourados"
"411","Amambai","5000609","500009","Amambai","5002","Dourados"
"412","Corumbá","5003207","500010","Corumbá","5003","Corumbá"
"413","Jardim","5005004","500011","Jardim","5003","Corumbá"
"414","Cuiabá","5103403","510001","Cuiabá","5101","Cuiabá"
"415","Tangará da Serra","5107958","510002","Tangará da Serra","5101","Cuiabá"
"416","Diamantino","5103502","510003","Diamantino","5101","Cuiabá"
"417","Cáceres","5102504","510004","Cáceres","5102","Cáceres"
"418","Sinop","5107909","510007","Sinop","5103","Sinop"
"419","Sorriso","5107925","510008","Sorriso","5103","Sinop"
"420","Juína","5105150","510009","Juína","5103","Sinop"
"421","Alta Floresta","5100250","510010","Alta Floresta","5103","Sinop"
"422","Juara","5105101","510012","Juara","5103","Sinop"
"423","Barra do Garças","5101803","510013","Barra do Garças","5104","Barra do Garças"
"424","Água Boa","5100201","510015","Água Boa","5104","Barra do Garças"
"425","Rondonópolis","5107602","510016","Rondonópolis","5105","Rondonópolis"
"426","Primavera do Leste","5107040","510017","Primavera do Leste","5105","Rondonópolis"
"427","Jaciara","5104807","510018","Jaciara","5105","Rondonópolis"
"428","Goiânia","5208707","520001","Goiânia","5201","Goiânia"
"429","Anápolis","5201108","520002","Anápolis","5201","Goiânia"
"430","Catalão","5205109","520004","Catalão","5201","Goiânia"
"431","Pires do Rio","5217401","520006","Pires do Rio","5201","Goiânia"
"432","Itumbiara","5211503","520007","Itumbiara","5202","Itumbiara"
"433","Piracanjuba","5217104","520009","Piracanjuba","5202","Itumbiara"
"434","Rio Verde","5218805","520010","Rio Verde","5203","Rio Verde"
"435","Quirinópolis","5218508","520012","Quirinópolis","5203","Rio Verde"
"436","São Luís de Montes Belos","5220108","520013","São Luís de Montes Belos","5204","São Luís de Montes Belos - Iporá"
"437","Iporá","5210208","520014","Iporá","5204","São Luís de Montes Belos - Iporá"
"438","Palmeiras de Goiás","5215702","520015","Palmeiras de Goiás","5204","São Luís de Montes Belos - Iporá"
"439","Porangatu","5218003","520016","Porangatu","5205","Porangatu - Uruaçu"
"440","Luziânia","5212501","520019","Luziânia","5206","Luziânia - Águas Lindas de Goiás"
"441","Águas Lindas de Goiás","5200258","520020","Águas Lindas de Goiás","5206","Luziânia - Águas Lindas de Goiás"
"442","Flores de Goiás","5207907","520022","Flores de Goiás","5206","Luziânia - Águas Lindas de Goiás"
