"","X","Y","FID","OBJECTID","Geocodigo","Municipio","MUNI_AP","PoloAlta","PoloBaix"
"1",-63.033808,-9.91196399967962,2,2,1100023,"ARIQUEMES","ARIQUEMES","Polo de alta complexidade de serviços de saúde","polo de baixa e media complexidade de serviços de saúde"
"2",-61.451156,-11.4355779996328,4,4,1100049,"CACOAL","CACOAL","Polo de alta complexidade de serviços de saúde","polo de baixa e media complexidade de serviços de saúde"
"3",-63.909466,-8.76615399971543,17,17,1100205,"PORTO VELHO","PORTO VELHO","Polo de alta complexidade de serviços de saúde","polo de baixa e media complexidade de serviços de saúde"
"4",-60.134778,-12.7351259995937,22,22,1100304,"VILHENA","VILHENA","Polo de alta complexidade de serviços de saúde","polo de baixa e media complexidade de serviços de saúde"
"5",-72.666458,-7.63439699975113,58,58,1200203,"CRUZEIRO DO SUL","CRUZEIRO DO SUL","Polo de alta complexidade de serviços de saúde","polo de baixa e media complexidade de serviços de saúde"
"6",-67.810095,-9.97240399967766,67,67,1200401,"RIO BRANCO","RIO BRANCO","Polo de alta complexidade de serviços de saúde","polo de baixa e media complexidade de serviços de saúde"
"7",-60.025533,-3.13624399989675,112,112,1302603,"MANAUS","MANAUS","Polo de alta complexidade de serviços de saúde","polo de baixa e media complexidade de serviços de saúde"
"8",-60.672461,2.82072499990711,139,139,1400100,"BOA VISTA","BOA VISTA","Polo de alta complexidade de serviços de saúde","polo de baixa e media complexidade de serviços de saúde"
"9",-52.206035,-3.2053289998944,159,159,1500602,"ALTAMIRA","ALTAMIRA","Polo de alta complexidade de serviços de saúde","polo de baixa e media complexidade de serviços de saúde"
"10",-48.505212,-1.45541899995197,170,170,1501402,"BELEM","BELEM","Polo de alta complexidade de serviços de saúde","polo de baixa e media complexidade de serviços de saúde"
"11",-50.483156,-1.69140799994422,179,179,1501808,"BREVES","BREVES","Polo de alta complexidade de serviços de saúde","polo de baixa e media complexidade de serviços de saúde"
"12",-49.13562,-5.34919199982463,217,217,1504208,"MARABA","MARABA","Polo de alta complexidade de serviços de saúde","polo de baixa e media complexidade de serviços de saúde"
"13",-50.038747,-8.04100599973828,252,252,1506138,"REDENCAO","REDENCAO","Polo de alta complexidade de serviços de saúde","polo de baixa e media complexidade de serviços de saúde"
"14",-54.710865,-2.41693799992039,265,265,1506807,"SANTAREM","SANTAREM","Polo de alta complexidade de serviços de saúde","polo de baixa e media complexidade de serviços de saúde"
"15",-49.670429,-3.76712399987615,289,289,1508100,"TUCURUI","TUCURUI","Polo de alta complexidade de serviços de saúde","polo de baixa e media complexidade de serviços de saúde"
"16",-51.051696,0.036813999998774,304,304,1600303,"MACAPA","MACAPA","Polo de alta complexidade de serviços de saúde","polo de baixa e media complexidade de serviços de saúde"
"17",-48.2099,-7.18983399976539,323,323,1702109,"ARAGUAINA","ARAGUAINA","Polo de alta complexidade de serviços de saúde","polo de baixa e media complexidade de serviços de saúde"
"18",-47.88361,-5.46870499982069,328,328,1702554,"AUGUSTINOPOLIS","AUGUSTINOPOLIS","Polo de alta complexidade de serviços de saúde","polo de baixa e media complexidade de serviços de saúde"
"19",-49.063332,-11.726724999624,369,369,1709500,"GURUPI","GURUPI","Polo de alta complexidade de serviços de saúde","polo de baixa e media complexidade de serviços de saúde"
"20",-48.886483,-10.1779249996714,402,402,1716109,"PARAISO DO TOCANTINS","PARAISO DO TOCANTINS","Polo de alta complexidade de serviços de saúde","polo de baixa e media complexidade de serviços de saúde"
"21",-48.333656,-10.1845019996712,444,444,1721000,"PALMAS","PALMAS","Polo de alta complexidade de serviços de saúde","polo de baixa e media complexidade de serviços de saúde"
"22",-44.775534,-4.22935999986095,470,470,2101202,"BACABAL","BACABAL","Polo de alta complexidade de serviços de saúde","polo de baixa e media complexidade de serviços de saúde"
"23",-43.363897,-4.86215599984044,502,502,2103000,"CAXIAS","CAXIAS","Polo de alta complexidade de serviços de saúde","polo de baixa e media complexidade de serviços de saúde"
"24",-47.49006,-5.52731699981882,540,540,2105302,"IMPERATRIZ","IMPERATRIZ","Polo de alta complexidade de serviços de saúde","polo de baixa e media complexidade de serviços de saúde"
"25",-44.551667,-3.63111099988049,566,566,2106631,"MATOES DO NORTE","MATOES DO NORTE","Polo de alta complexidade de serviços de saúde","subpolo de baixa e media complexidade de serviços de saúde"
"26",-45.08392,-2.5227409999168,594,594,2108603,"PINHEIRO","PINHEIRO","Polo de alta complexidade de serviços de saúde","polo de baixa e media complexidade de serviços de saúde"
"27",-44.491388,-5.28399599982667,600,600,2109106,"PRESIDENTE DUTRA","PRESIDENTE DUTRA","Polo de alta complexidade de serviços de saúde","polo de baixa e media complexidade de serviços de saúde"
"28",-45.382472,-3.66641999987942,613,613,2109908,"SANTA INES","SANTA INES","Polo de alta complexidade de serviços de saúde","polo de baixa e media complexidade de serviços de saúde"
"29",-44.297919,-2.53188599991659,636,636,2111300,"SAO LUIS","SAO LUIS","Polo de alta complexidade de serviços de saúde","polo de baixa e media complexidade de serviços de saúde"
"30",-44.6476,-5.25750999982756,657,657,2112308,"TUNTUM","TUNTUM","Polo de alta complexidade de serviços de saúde","subpolo de baixa e media complexidade de serviços de saúde"
"31",-45.178598,-10.4354269996634,732,732,2202901,"CORRENTE","CORRENTE","Polo de alta complexidade de serviços de saúde","polo de baixa e media complexidade de serviços de saúde"
"32",-43.021122,-6.77419799977864,750,750,2203909,"FLORIANO","FLORIANO","Polo de alta complexidade de serviços de saúde","polo de baixa e media complexidade de serviços de saúde"
"33",-41.756707,-2.91691099990399,818,818,2207702,"PARNAIBA","PARNAIBA","Polo de alta complexidade de serviços de saúde","polo de baixa e media complexidade de serviços de saúde"
"34",-41.465704,-7.08504899976874,827,827,2208007,"PICOS","PICOS","Polo de alta complexidade de serviços de saúde","polo de baixa e media complexidade de serviços de saúde"
"35",-42.688835,-9.01474799970761,873,873,2210607,"SAO RAIMUNDO NONATO","SAO RAIMUNDO NONATO","Polo de alta complexidade de serviços de saúde","polo de baixa e media complexidade de serviços de saúde"
"36",-42.817269,-5.09068799983301,883,883,2211001,"TERESINA","TERESINA","Polo de alta complexidade de serviços de saúde","polo de baixa e media complexidade de serviços de saúde"
"37",-39.302316,-7.30717199976162,914,914,2301901,"BARBALHA","BARBALHA","Subpolo de alta complexidade de serviços de saúde","subpolo de baixa e media complexidade de serviços de saúde"
"38",-38.985514,-7.49163799975571,922,922,2302503,"BREJO SANTO","BREJO SANTO","Polo de alta complexidade de serviços de saúde","polo de baixa e media complexidade de serviços de saúde"
"39",-40.847528,-2.90096699990442,923,923,2302602,"CAMOCIM","CAMOCIM","Polo de alta complexidade de serviços de saúde","polo de baixa e media complexidade de serviços de saúde"
"40",-39.316129,-4.35415999985692,925,925,2302800,"CANINDE","CANINDE","Polo de alta complexidade de serviços de saúde","polo de baixa e media complexidade de serviços de saúde"
"41",-38.525197,-3.72426499987753,950,950,2304400,"FORTALEZA","FORTALEZA","Polo de alta complexidade de serviços de saúde","polo de baixa e media complexidade de serviços de saúde"
"42",-39.299906,-6.36055499979193,968,968,2305506,"IGUATU","IGUATU","Polo de alta complexidade de serviços de saúde","polo de baixa e media complexidade de serviços de saúde"
"43",-39.316993,-7.21076599976467,990,990,2307304,"JUAZEIRO DO NORTE","JUAZEIRO DO NORTE","Polo de alta complexidade de serviços de saúde","polo de baixa e media complexidade de serviços de saúde"
"44",-41.857885,-11.3029539996369,1001,2001,2914604,"IRECE","IRECE","Polo de alta complexidade de serviços de saúde","polo de baixa e media complexidade de serviços de saúde"
"45",-44.244975,-19.4623469994066,1036,3034,3167202,"SETE LAGOAS","SETE LAGOAS","Polo de alta complexidade de serviços de saúde","polo de baixa e media complexidade de serviços de saúde"
"46",-41.508222,-17.8646959994484,1051,3049,3168606,"TEOFILO OTONI","TEOFILO OTONI","Polo de alta complexidade de serviços de saúde","polo de baixa e media complexidade de serviços de saúde"
"47",-45.251481,-21.6927939993513,1059,3057,3169307,"TRES CORACOES","TRES CORACOES","Polo de alta complexidade de serviços de saúde","polo de baixa e media complexidade de serviços de saúde"
"48",-42.942482,-21.1200909993652,1066,3064,3169901,"UBA","UBA","Polo de alta complexidade de serviços de saúde","polo de baixa e media complexidade de serviços de saúde"
"49",-47.936618,-19.7502289993992,1069,3067,3170107,"UBERABA","UBERABA","Polo de alta complexidade de serviços de saúde","polo de baixa e media complexidade de serviços de saúde"
"50",-48.256693,-18.9120889994207,1070,3068,3170206,"UBERLANDIA","UBERLANDIA","Polo de alta complexidade de serviços de saúde","polo de baixa e media complexidade de serviços de saúde"
"51",-46.902348,-16.3611679994894,1072,3070,3170404,"UNAI","UNAI","Polo de alta complexidade de serviços de saúde","polo de baixa e media complexidade de serviços de saúde"
"52",-45.43552,-21.5567959993545,1080,3078,3170701,"VARGINHA","VARGINHA","Polo de alta complexidade de serviços de saúde","polo de baixa e media complexidade de serviços de saúde"
"53",-41.112966,-20.8486789993717,1115,3113,3201209,"CACHOEIRO DE ITAPEMIRIM","CACHOEIRO DE ITAPEMIRIM","Polo de alta complexidade de serviços de saúde","polo de baixa e media complexidade de serviços de saúde"
"54",-40.63446,-19.5379229994046,1118,3116,3201506,"COLATINA","COLATINA","Polo de alta complexidade de serviços de saúde","polo de baixa e media complexidade de serviços de saúde"
"55",-40.304952,-20.1243669993898,1169,3167,3205002,"SERRA","SERRA","Subpolo de alta complexidade de serviços de saúde","subpolo de baixa e media complexidade de serviços de saúde"
"56",-40.292029,-20.3297139993847,1176,3174,3205200,"VILA VELHA","VILA VELHA","Subpolo de alta complexidade de serviços de saúde","subpolo de baixa e media complexidade de serviços de saúde"
"57",-40.339251,-20.3211579993848,1177,3175,3205309,"VITORIA","VITORIA","Polo de alta complexidade de serviços de saúde","polo de baixa e media complexidade de serviços de saúde"
"58",-44.319627,-23.0091159993205,1178,3176,3300100,"ANGRA DOS REIS","ANGRA DOS REIS","Polo de alta complexidade de serviços de saúde","polo de baixa e media complexidade de serviços de saúde"
"59",-42.020075,-22.8807649993233,1189,3187,3300704,"CABO FRIO","CABO FRIO","Subpolo de alta complexidade de serviços de saúde","polo de baixa e media complexidade de serviços de saúde"
"60",-41.335332,-21.7640059993495,1194,3192,3301009,"CAMPOS DOS GOYTACAZES","CAMPOS DOS GOYTACAZES","Polo de alta complexidade de serviços de saúde","polo de baixa e media complexidade de serviços de saúde"
"61",-43.310522,-22.7841479993256,1202,3200,3301702,"DUQUE DE CAXIAS","DUQUE DE CAXIAS","Subpolo de alta complexidade de serviços de saúde","subpolo de baixa e media complexidade de serviços de saúde"
"62",-41.886203,-21.210590999363,1210,3208,3302205,"ITAPERUNA","ITAPERUNA","Polo de alta complexidade de serviços de saúde","polo de baixa e media complexidade de serviços de saúde"
"63",-41.775064,-22.3687049993353,1214,3212,3302403,"MACAE","MACAE","Subpolo de alta complexidade de serviços de saúde","polo de baixa e media complexidade de serviços de saúde"
"64",-43.076598,-22.8972869993231,1225,3223,3303302,"NITEROI","NITEROI","Subpolo de alta complexidade de serviços de saúde","subpolo de baixa e media complexidade de serviços de saúde"
"65",-42.532771,-22.2864609993372,1226,3224,3303401,"NOVA FRIBURGO","NOVA FRIBURGO","Polo de alta complexidade de serviços de saúde","polo de baixa e media complexidade de serviços de saúde"
"66",-43.450345,-22.7598349993262,1227,3225,3303500,"NOVA IGUACU","NOVA IGUACU","Subpolo de alta complexidade de serviços de saúde","subpolo de baixa e media complexidade de serviços de saúde"
"67",-43.177337,-22.510598999332,1232,3230,3303906,"PETROPOLIS","PETROPOLIS","Polo de alta complexidade de serviços de saúde","subpolo de baixa e media complexidade de serviços de saúde"
"68",-44.443613,-22.4711839993329,1240,3238,3304201,"RESENDE","RESENDE","Subpolo de alta complexidade de serviços de saúde","subpolo de baixa e media complexidade de serviços de saúde"
"69",-43.173805,-22.902799999323,1245,3243,3304557,"RIO DE JANEIRO","RIO DE JANEIRO","Polo de alta complexidade de serviços de saúde","polo de baixa e media complexidade de serviços de saúde"
"70",-43.032335,-22.8295469993246,1250,3248,3304904,"SAO GONCALO","SAO GONCALO","Subpolo de alta complexidade de serviços de saúde","subpolo de baixa e media complexidade de serviços de saúde"
"71",-43.211609,-22.1174479993412,1265,3263,3306008,"TRES RIOS","TRES RIOS","Subpolo de alta complexidade de serviços de saúde","subpolo de baixa e media complexidade de serviços de saúde"
"72",-43.663874,-22.4090079993343,1268,3266,3306206,"VASSOURAS","VASSOURAS","Subpolo de alta complexidade de serviços de saúde","polo de baixa e media complexidade de serviços de saúde"
"73",-44.093721,-22.510575999332,1269,3267,3306305,"VOLTA REDONDA","VOLTA REDONDA","Polo de alta complexidade de serviços de saúde","polo de baixa e media complexidade de serviços de saúde"
"74",-51.07293,-21.6857559993514,1270,3268,3500105,"ADAMANTINA","ADAMANTINA","Subpolo de alta complexidade de serviços de saúde","polo de baixa e media complexidade de serviços de saúde"
"75",-48.10301,-21.7289449993504,1289,3287,3501707,"AMERICO BRASILIENSE","AMERICO BRASILIENSE","Subpolo de alta complexidade de serviços de saúde","subpolo de baixa e media complexidade de serviços de saúde"
"76",-50.438897,-21.206344999363,1301,3299,3502804,"ARACATUBA","ARACATUBA","Polo de alta complexidade de serviços de saúde","polo de baixa e media complexidade de serviços de saúde"
"77",-48.175266,-21.7929839993488,1306,3304,3503208,"ARARAQUARA","ARARAQUARA","Polo de alta complexidade de serviços de saúde","polo de baixa e media complexidade de serviços de saúde"
"78",-47.386221,-22.3583369993355,1307,3305,3503307,"ARARAS","ARARAS","Polo de alta complexidade de serviços de saúde","polo de baixa e media complexidade de serviços de saúde"
"79",-50.411136,-22.6611069993285,1316,3314,3504008,"ASSIS","ASSIS","Polo de alta complexidade de serviços de saúde","polo de baixa e media complexidade de serviços de saúde"
"80",-46.555175,-23.117743999318,1317,3315,3504107,"ATIBAIA","ATIBAIA","Polo de alta complexidade de serviços de saúde","polo de baixa e media complexidade de serviços de saúde"
"81",-48.567472,-20.558508999379,1332,3330,3505500,"BARRETOS","BARRETOS","Polo de alta complexidade de serviços de saúde","polo de baixa e media complexidade de serviços de saúde"
"82",-49.07017,-22.3310279993362,1337,3335,3506003,"BAURU","BAURU","Polo de alta complexidade de serviços de saúde","polo de baixa e media complexidade de serviços de saúde"
"83",-48.478962,-20.9508419993693,1338,3336,3506102,"BEBEDOURO","BEBEDOURO","Polo de alta complexidade de serviços de saúde","polo de baixa e media complexidade de serviços de saúde"
"84",-50.34123,-21.2892779993611,1343,3341,3506508,"BIRIGUI","BIRIGUI","Polo de alta complexidade de serviços de saúde","polo de baixa e media complexidade de serviços de saúde"
"85",-48.441289,-22.8883819993231,1355,3353,3507506,"BOTUCATU","BOTUCATU","Polo de alta complexidade de serviços de saúde","polo de baixa e media complexidade de serviços de saúde"
"86",-46.534344,-22.9660359993215,1356,3354,3507605,"BRAGANCA PAULISTA","BRAGANCA PAULISTA","Polo de alta complexidade de serviços de saúde","polo de baixa e media complexidade de serviços de saúde"
"87",-50.148956,-21.0661669993663,1362,3360,3508108,"BURITAMA","BURITAMA","Subpolo de alta complexidade de serviços de saúde","polo de baixa e media complexidade de serviços de saúde"
"88",-47.057305,-22.9010519993229,1378,3376,3509502,"CAMPINAS","CAMPINAS","Polo de alta complexidade de serviços de saúde","polo de baixa e media complexidade de serviços de saúde"
"89",-48.972806,-21.1382219993646,1396,3394,3511102,"CATANDUVA","CATANDUVA","Polo de alta complexidade de serviços de saúde","polo de baixa e media complexidade de serviços de saúde"
"90",-46.73687,-21.6616219993521,1424,3422,3513900,"DIVINOLANDIA","DIVINOLANDIA","Polo de alta complexidade de serviços de saúde","polo de baixa e media complexidade de serviços de saúde"
"91",-51.533989,-21.4855879993562,1429,3427,3514403,"DRACENA","DRACENA","Polo de alta complexidade de serviços de saúde","polo de baixa e media complexidade de serviços de saúde"
"92",-50.248755,-20.2824499993858,1447,3445,3515509,"FERNANDOPOLIS","FERNANDOPOLIS","Polo de alta complexidade de serviços de saúde","polo de baixa e media complexidade de serviços de saúde"
"93",-47.401117,-20.5382549993795,1455,3453,3516200,"FRANCA","FRANCA","Polo de alta complexidade de serviços de saúde","polo de baixa e media complexidade de serviços de saúde"
"94",-45.1916,-22.8174249993249,1478,3476,3518404,"GUARATINGUETA","GUARATINGUETA","Subpolo de alta complexidade de serviços de saúde","polo de baixa e media complexidade de serviços de saúde"
"95",-46.531211,-23.47024699931,1482,3480,3518800,"GUARULHOS","GUARULHOS","Subpolo de alta complexidade de serviços de saúde","subpolo de baixa e media complexidade de serviços de saúde"
"96",-51.344281,-20.4271269993822,1504,3502,3520442,"ILHA SOLTEIRA","ILHA SOLTEIRA","Polo de alta complexidade de serviços de saúde","polo de baixa e media complexidade de serviços de saúde"
"97",-46.849644,-23.7175559993045,1524,3522,3522208,"ITAPECERICA DA SERRA","ITAPECERICA DA SERRA","Subpolo de alta complexidade de serviços de saúde","subpolo de baixa e media complexidade de serviços de saúde"
"98",-48.047667,-23.5871829993073,1525,3523,3522307,"ITAPETININGA","ITAPETININGA","Subpolo de alta complexidade de serviços de saúde","polo de baixa e media complexidade de serviços de saúde"
"99",-48.876367,-23.9869499992985,1526,3524,3522406,"ITAPEVA","ITAPEVA","Polo de alta complexidade de serviços de saúde","polo de baixa e media complexidade de serviços de saúde"
"100",-47.782298,-20.3391299993844,1544,3542,3524105,"ITUVERAVA","ITUVERAVA","Polo de alta complexidade de serviços de saúde","polo de baixa e media complexidade de serviços de saúde"
"101",-50.547581,-20.2681439993862,1551,3549,3524808,"JALES","JALES","Polo de alta complexidade de serviços de saúde","polo de baixa e media complexidade de serviços de saúde"
"102",-48.558907,-22.297127999337,1556,3554,3525300,"JAU","JAU","Polo de alta complexidade de serviços de saúde","polo de baixa e media complexidade de serviços de saúde"
"103",-46.884272,-23.1891169993164,1563,3561,3525904,"JUNDIAI","JUNDIAI","Polo de alta complexidade de serviços de saúde","polo de baixa e media complexidade de serviços de saúde"
"104",-47.409472,-22.5735989993305,1573,3571,3526902,"LIMEIRA","LIMEIRA","Subpolo de alta complexidade de serviços de saúde","polo de baixa e media complexidade de serviços de saúde"
"105",-49.741757,-21.6720939993518,1575,3573,3527108,"LINS","LINS","Polo de alta complexidade de serviços de saúde","polo de baixa e media complexidade de serviços de saúde"
"106",-45.115783,-22.7383829993267,1576,3574,3527207,"LORENA","LORENA","Subpolo de alta complexidade de serviços de saúde","polo de baixa e media complexidade de serviços de saúde"
"107",-49.947946,-22.2199489993388,1596,3594,3529005,"MARILIA","MARILIA","Polo de alta complexidade de serviços de saúde","polo de baixa e media complexidade de serviços de saúde"
"108",-46.462317,-23.6698559993055,1600,3598,3529401,"MAUA","MAUA","Subpolo de alta complexidade de serviços de saúde","subpolo de baixa e media complexidade de serviços de saúde"
"109",-46.185433,-23.519182999309,1613,3611,3530607,"MOGI DAS CRUZES","MOGI DAS CRUZES","Subpolo de alta complexidade de serviços de saúde","subpolo de baixa e media complexidade de serviços de saúde"
"110",-46.944409,-22.3687449993352,1614,3612,3530706,"MOGI GUACU","MOGI GUACU","Polo de alta complexidade de serviços de saúde","polo de baixa e media complexidade de serviços de saúde"
"111",-46.782078,-23.5387749993084,1657,3655,3534401,"OSASCO","OSASCO","Subpolo de alta complexidade de serviços de saúde","subpolo de baixa e media complexidade de serviços de saúde"
"112",-49.865927,-22.9811109993211,1660,3658,3534708,"OURINHOS","OURINHOS","Polo de alta complexidade de serviços de saúde","polo de baixa e media complexidade de serviços de saúde"
"113",-47.881483,-24.7135999992827,1676,3674,3536208,"PARIQUERA-ACU","PARIQUERA-ACU","Polo de alta complexidade de serviços de saúde","polo de baixa e media complexidade de serviços de saúde"
"114",-47.664606,-22.7288129993269,1704,3701,3538709,"PIRACICABA","PIRACICABA","Polo de alta complexidade de serviços de saúde","polo de baixa e media complexidade de serviços de saúde"
"115",-51.388373,-22.1219739993411,1735,3732,3541406,"PRESIDENTE PRUDENTE","PRESIDENTE PRUDENTE","Polo de alta complexidade de serviços de saúde","polo de baixa e media complexidade de serviços de saúde"
"116",-47.806516,-21.1767149993637,1758,3755,3543402,"RIBEIRAO PRETO","RIBEIRAO PRETO","Polo de alta complexidade de serviços de saúde","polo de baixa e media complexidade de serviços de saúde"
"117",-47.559629,-22.4113069993342,1763,3760,3543907,"RIO CLARO","RIO CLARO","Polo de alta complexidade de serviços de saúde","polo de baixa e media complexidade de serviços de saúde"
"118",-46.525044,-23.6665169993056,1805,3802,3547809,"SANTO ANDRE","SANTO ANDRE","Subpolo de alta complexidade de serviços de saúde","subpolo de baixa e media complexidade de serviços de saúde"
"119",-46.324379,-23.9370509992996,1813,3810,3548500,"SANTOS","SANTOS","Polo de alta complexidade de serviços de saúde","polo de baixa e media complexidade de serviços de saúde"
"120",-46.549912,-23.7079719993047,1815,3812,3548708,"SAO BERNARDO DO CAMPO","SAO BERNARDO DO CAMPO","Subpolo de alta complexidade de serviços de saúde","subpolo de baixa e media complexidade de serviços de saúde"
"121",-47.889517,-22.0130539993437,1817,3814,3548906,"SAO CARLOS","SAO CARLOS","Polo de alta complexidade de serviços de saúde","polo de baixa e media complexidade de serviços de saúde"
"122",-46.798535,-21.9695589993447,1819,3816,3549102,"SAO JOAO DA BOA VISTA","SAO JOAO DA BOA VISTA","Polo de alta complexidade de serviços de saúde","polo de baixa e media complexidade de serviços de saúde"
"123",-46.888266,-21.5961029993535,1826,3823,3549706,"SAO JOSE DO RIO PARDO","SAO JOSE DO RIO PARDO","Polo de alta complexidade de serviços de saúde","polo de baixa e media complexidade de serviços de saúde"
"124",-49.379436,-20.8107219993727,1827,3824,3549805,"SAO JOSE DO RIO PRETO","SAO JOSE DO RIO PRETO","Polo de alta complexidade de serviços de saúde","polo de baixa e media complexidade de serviços de saúde"
"125",-45.878633,-23.1848669993165,1828,3825,3549904,"SAO JOSE DOS CAMPOS","SAO JOSE DOS CAMPOS","Polo de alta complexidade de serviços de saúde","polo de baixa e media complexidade de serviços de saúde"
"126",-46.634364,-23.5513029993083,1833,3830,3550308,"SAO PAULO","SAO PAULO","Polo de alta complexidade de serviços de saúde","polo de baixa e media complexidade de serviços de saúde"
"127",-47.135423,-23.5303589993086,1836,3833,3550605,"SAO ROQUE","SAO ROQUE","Subpolo de alta complexidade de serviços de saúde","polo de baixa e media complexidade de serviços de saúde"
"128",-47.458421,-23.5001969993094,1852,3849,3552205,"SOROCABA","SOROCABA","Polo de alta complexidade de serviços de saúde","polo de baixa e media complexidade de serviços de saúde"
"129",-46.784128,-23.6286309993065,1859,3856,3552809,"TABOAO DA SERRA","TABOAO DA SERRA","Subpolo de alta complexidade de serviços de saúde","subpolo de baixa e media complexidade de serviços de saúde"
"130",-48.500255,-21.4072459993581,1869,3866,3553708,"TAQUARITINGA","TAQUARITINGA","Subpolo de alta complexidade de serviços de saúde","subpolo de baixa e media complexidade de serviços de saúde"
"131",-45.556609,-23.0265559993201,1875,3872,3554102,"TAUBATE","TAUBATE","Subpolo de alta complexidade de serviços de saúde","subpolo de baixa e media complexidade de serviços de saúde"
"132",-50.512758,-21.9345729993455,1887,3884,3555000,"TUPA","TUPA","Subpolo de alta complexidade de serviços de saúde","polo de baixa e media complexidade de serviços de saúde"
"133",-49.975345,-20.4202949993824,1912,3909,3557105,"VOTUPORANGA","VOTUPORANGA","Polo de alta complexidade de serviços de saúde","polo de baixa e media complexidade de serviços de saúde"
"134",-51.4594,-23.5517999993082,1932,3929,4101408,"APUCARANA","APUCARANA","Polo de alta complexidade de serviços de saúde","polo de baixa e media complexidade de serviços de saúde"
"135",-51.4379,-23.4077999993114,1933,3930,4101507,"ARAPONGAS","ARAPONGAS","Polo de alta complexidade de serviços de saúde","polo de baixa e media complexidade de serviços de saúde"
"136",-49.0542,-25.3059999992702,1971,3968,4104006,"CAMPINA GRANDE DO SUL","CAMPINA GRANDE DO SUL","Subpolo de alta complexidade de serviços de saúde","subpolo de baixa e media complexidade de serviços de saúde"
"137",-49.5158,-25.4541999992672,1974,3971,4104204,"CAMPO LARGO","CAMPO LARGO","Subpolo de alta complexidade de serviços de saúde","subpolo de baixa e media complexidade de serviços de saúde"
"138",-52.3791,-24.0425999992973,1976,3973,4104303,"CAMPO MOURAO","CAMPO MOURAO","Polo de alta complexidade de serviços de saúde","polo de baixa e media complexidade de serviços de saúde"
"139",-53.4826,-24.9530999992776,1984,3981,4104808,"CASCAVEL","CASCAVEL","Polo de alta complexidade de serviços de saúde","polo de baixa e media complexidade de serviços de saúde"
"140",-52.6123,-23.6543999993059,1991,3988,4105508,"CIANORTE","CIANORTE","Polo de alta complexidade de serviços de saúde","polo de baixa e media complexidade de serviços de saúde"
"141",-50.6496,-23.1812999993166,2000,3997,4106407,"CORNELIO PROCOPIO","CORNELIO PROCOPIO","Polo de alta complexidade de serviços de saúde","polo de baixa e media complexidade de serviços de saúde"
"142",-40.305387,-12.5318109995998,2005,2003,2914703,"ITABERABA","ITABERABA","Polo de alta complexidade de serviços de saúde","polo de baixa e media complexidade de serviços de saúde"
"143",-39.276742,-14.8052579995332,2006,2004,2914802,"ITABUNA","ITABUNA","Polo de alta complexidade de serviços de saúde","polo de baixa e media complexidade de serviços de saúde"
"144",-49.2686,-25.4171999992679,2031,4006,4106902,"CURITIBA","CURITIBA","Polo de alta complexidade de serviços de saúde","polo de baixa e media complexidade de serviços de saúde"
"145",-40.073017,-13.8725389995602,2069,2040,2918001,"JEQUIE","JEQUIE","Polo de alta complexidade de serviços de saúde","polo de baixa e media complexidade de serviços de saúde"
"146",-40.505118,-9.41117599969521,2074,2045,2918407,"JUAZEIRO","JUAZEIRO","Subpolo de alta complexidade de serviços de saúde","subpolo de baixa e media complexidade de serviços de saúde"
"147",-42.238461,-13.4408689995729,2146,2117,2923605,"PARAMIRIM","PARAMIRIM","Polo de alta complexidade de serviços de saúde","polo de baixa e media complexidade de serviços de saúde"
"148",-38.512378,-12.9741849995866,2192,2163,2927408,"SALVADOR","SALVADOR","Polo de alta complexidade de serviços de saúde","polo de baixa e media complexidade de serviços de saúde"
"149",-39.265697,-12.9664359995869,2206,2177,2928703,"SANTO ANTONIO DE JESUS","SANTO ANTONIO DE JESUS","Polo de alta complexidade de serviços de saúde","polo de baixa e media complexidade de serviços de saúde"
"150",-41.768017,-12.4188139996031,2224,2195,2929909,"SEABRA","SEABRA","Polo de alta complexidade de serviços de saúde","polo de baixa e media complexidade de serviços de saúde"
"151",-39.73894,-17.5385089994571,2244,2215,2931350,"TEIXEIRA DE FREITAS","TEIXEIRA DE FREITAS","Polo de alta complexidade de serviços de saúde","polo de baixa e media complexidade de serviços de saúde"
"152",-39.071448,-13.3708229995749,2261,2232,2932903,"VALENCA","VALENCA","Polo de alta complexidade de serviços de saúde","polo de baixa e media complexidade de serviços de saúde"
"153",-40.837046,-14.8497369995319,2269,2240,2933307,"VITORIA DA CONQUISTA","VITORIA DA CONQUISTA","Polo de alta complexidade de serviços de saúde","polo de baixa e media complexidade de serviços de saúde"
"154",-45.94973,-21.4250759993577,2289,2260,3101607,"ALFENAS","ALFENAS","Polo de alta complexidade de serviços de saúde","polo de baixa e media complexidade de serviços de saúde"
"155",-43.773751,-21.2259969993626,2334,2305,3105608,"BARBACENA","BARBACENA","Polo de alta complexidade de serviços de saúde","polo de baixa e media complexidade de serviços de saúde"
"156",-43.936326,-19.9236559993948,2339,2310,3106200,"BELO HORIZONTE","BELO HORIZONTE","Polo de alta complexidade de serviços de saúde","polo de baixa e media complexidade de serviços de saúde"
"157",-44.207449,-19.9698299993937,2345,2316,3106705,"BETIM","BETIM","Subpolo de alta complexidade de serviços de saúde","subpolo de baixa e media complexidade de serviços de saúde"
"158",-44.432685,-16.2100079994936,2366,2337,3108602,"BRASILIA DE MINAS","BRASILIA DE MINAS","Polo de alta complexidade de serviços de saúde","polo de baixa e media complexidade de serviços de saúde"
"159",-45.276951,-20.8933919993707,2395,2366,3111200,"CAMPO BELO","CAMPO BELO","Polo de alta complexidade de serviços de saúde","polo de baixa e media complexidade de serviços de saúde"
"160",-42.029409,-20.7335349993746,2418,2389,3113305,"CARANGOLA","CARANGOLA","Polo de alta complexidade de serviços de saúde","polo de baixa e media complexidade de serviços de saúde"
"161",-42.139956,-19.7901829993982,2419,2390,3113404,"CARATINGA","CARATINGA","Polo de alta complexidade de serviços de saúde","polo de baixa e media complexidade de serviços de saúde"
"162",-43.785666,-20.6602999993763,2475,2446,3118304,"CONSELHEIRO LAFAIETE","CONSELHEIRO LAFAIETE","Polo de alta complexidade de serviços de saúde","polo de baixa e media complexidade de serviços de saúde"
"163",-44.092764,-19.9192029993949,2478,2449,3118601,"CONTAGEM","CONTAGEM","Subpolo de alta complexidade de serviços de saúde","subpolo de baixa e media complexidade de serviços de saúde"
"164",-44.428343,-18.752356999425,2505,2476,3120904,"CURVELO","CURVELO","Polo de alta complexidade de serviços de saúde","polo de baixa e media complexidade de serviços de saúde"
"165",-43.597311,-18.2448269994383,2513,2484,3121605,"DIAMANTINA","DIAMANTINA","Polo de alta complexidade de serviços de saúde","polo de baixa e media complexidade de serviços de saúde"
"166",-44.910849,-20.1703409993885,2520,2491,3122306,"DIVINOPOLIS","DIVINOPOLIS","Polo de alta complexidade de serviços de saúde","polo de baixa e media complexidade de serviços de saúde"
"167",-46.318876,-22.855046999324,2553,2524,3125101,"EXTREMA","EXTREMA","Polo de alta complexidade de serviços de saúde","polo de baixa e media complexidade de serviços de saúde"
"168",-41.944972,-18.8584419994222,2588,2559,3127701,"GOVERNADOR VALADARES","GOVERNADOR VALADARES","Polo de alta complexidade de serviços de saúde","polo de baixa e media complexidade de serviços de saúde"
"169",-42.527758,-19.4792049994061,2630,2601,3131307,"IPATINGA","IPATINGA","Polo de alta complexidade de serviços de saúde","polo de baixa e media complexidade de serviços de saúde"
"170",-43.221022,-19.6251009994024,2634,2605,3131703,"ITABIRA","ITABIRA","Polo de alta complexidade de serviços de saúde","polo de baixa e media complexidade de serviços de saúde"
"171",-45.452787,-22.425932999334,2641,2612,3132404,"ITAJUBA","ITAJUBA","Polo de alta complexidade de serviços de saúde","polo de baixa e media complexidade de serviços de saúde"
"172",-41.502515,-16.5620159994838,2650,2621,3133303,"ITAOBIM","ITAOBIM","Polo de alta complexidade de serviços de saúde","polo de baixa e media complexidade de serviços de saúde"
"173",-49.464334,-18.9693589994193,2660,2631,3134202,"ITUIUTABA","ITUIUTABA","Polo de alta complexidade de serviços de saúde","polo de baixa e media complexidade de serviços de saúde"
"174",-43.176255,-19.8107809993977,2684,2655,3136207,"JOAO MONLEVADE","JOAO MONLEVADE","Polo de alta complexidade de serviços de saúde","polo de baixa e media complexidade de serviços de saúde"
"175",-43.350571,-21.7611339993496,2693,2664,3136702,"JUIZ DE FORA","JUIZ DE FORA","Polo de alta complexidade de serviços de saúde","polo de baixa e media complexidade de serviços de saúde"
"176",-44.999928,-21.2449539993621,2710,2681,3138203,"LAVRAS","LAVRAS","Polo de alta complexidade de serviços de saúde","polo de baixa e media complexidade de serviços de saúde"
"177",-42.644022,-21.5303909993552,2713,2684,3138401,"LEOPOLDINA","LEOPOLDINA","Polo de alta complexidade de serviços de saúde","polo de baixa e media complexidade de serviços de saúde"
"178",-42.03448,-20.2570009993865,2728,2699,3139409,"MANHUACU","MANHUACU","Polo de alta complexidade de serviços de saúde","polo de baixa e media complexidade de serviços de saúde"
"179",-43.870771,-16.7305799994792,2773,2744,3143302,"MONTES CLAROS","MONTES CLAROS","Polo de alta complexidade de serviços de saúde","polo de baixa e media complexidade de serviços de saúde"
"180",-42.370185,-21.1280729993649,2780,2751,3143906,"MURIAE","MURIAE","Polo de alta complexidade de serviços de saúde","polo de baixa e media complexidade de serviços de saúde"
"181",-43.691925,-20.5209589993799,2810,2781,3145901,"OURO BRANCO","OURO BRANCO","Subpolo de alta complexidade de serviços de saúde","subpolo de baixa e media complexidade de serviços de saúde"
"182",-46.609057,-20.7222979993749,2832,2803,3147907,"PASSOS","PASSOS","Polo de alta complexidade de serviços de saúde","polo de baixa e media complexidade de serviços de saúde"
"183",-46.51707,-18.5883599994292,2834,2805,3148004,"PATOS DE MINAS","PATOS DE MINAS","Polo de alta complexidade de serviços de saúde","polo de baixa e media complexidade de serviços de saúde"
"184",-46.987399,-18.94390699942,2835,2806,3148103,"PATROCINIO","PATROCINIO","Polo de alta complexidade de serviços de saúde","polo de baixa e media complexidade de serviços de saúde"
"185",-42.559942,-18.5479719994303,2840,2811,3148608,"PECANHA","PECANHA","Polo de alta complexidade de serviços de saúde","polo de baixa e media complexidade de serviços de saúde"
"186",-44.948339,-17.3513839994622,2872,2843,3151206,"PIRAPORA","PIRAPORA","Polo de alta complexidade de serviços de saúde","polo de baixa e media complexidade de serviços de saúde"
"187",-46.568116,-21.7863569993491,2878,2849,3151800,"POCOS DE CALDAS","POCOS DE CALDAS","Polo de alta complexidade de serviços de saúde","polo de baixa e media complexidade de serviços de saúde"
"188",-42.908825,-20.4162399993824,2881,2852,3152105,"PONTE NOVA","PONTE NOVA","Polo de alta complexidade de serviços de saúde","polo de baixa e media complexidade de serviços de saúde"
"189",-45.936555,-22.2302849993385,2887,2858,3152501,"POUSO ALEGRE","POUSO ALEGRE","Polo de alta complexidade de serviços de saúde","polo de baixa e media complexidade de serviços de saúde"
"190",-44.259732,-21.1357719993647,3003,2974,3162500,"SAO JOAO DEL REI","SAO JOAO DEL REI","Polo de alta complexidade de serviços de saúde","polo de baixa e media complexidade de serviços de saúde"
"191",-45.052317,-22.1138489993412,3021,2992,3163706,"SAO LOURENCO","SAO LOURENCO","Polo de alta complexidade de serviços de saúde","polo de baixa e media complexidade de serviços de saúde"
"192",-54.5879,-25.5464999992651,3045,4031,4108304,"FOZ DO IGUACU","FOZ DO IGUACU","Polo de alta complexidade de serviços de saúde","subpolo de baixa e media complexidade de serviços de saúde"
"193",-53.0554,-26.0801999992543,3047,4033,4108403,"FRANCISCO BELTRAO","FRANCISCO BELTRAO","Polo de alta complexidade de serviços de saúde","polo de baixa e media complexidade de serviços de saúde"
"194",-51.4699,-25.3862999992686,3061,4047,4109401,"GUARAPUAVA","GUARAPUAVA","Polo de alta complexidade de serviços de saúde","polo de baixa e media complexidade de serviços de saúde"
"195",-50.6496,-25.4642999992669,3079,4065,4110706,"IRATI","IRATI","Subpolo de alta complexidade de serviços de saúde","polo de baixa e media complexidade de serviços de saúde"
"196",-51.6741,-24.2443999992928,3089,4075,4111506,"IVAIPORA","IVAIPORA","Polo de alta complexidade de serviços de saúde","polo de baixa e media complexidade de serviços de saúde"
"197",-49.9736,-23.1597999993171,3093,4079,4111803,"JACAREZINHO","JACAREZINHO","Polo de alta complexidade de serviços de saúde","polo de baixa e media complexidade de serviços de saúde"
"198",-51.1506,-23.3354999993131,3117,4103,4113700,"LONDRINA","LONDRINA","Polo de alta complexidade de serviços de saúde","polo de baixa e media complexidade de serviços de saúde"
"199",-51.9392,-23.424199999311,3135,4121,4115200,"MARINGA","MARINGA","Polo de alta complexidade de serviços de saúde","polo de baixa e media complexidade de serviços de saúde"
"200",-52.4643,-23.0818999993188,3182,4167,4118402,"PARANAVAI","PARANAVAI","Polo de alta complexidade de serviços de saúde","polo de baixa e media complexidade de serviços de saúde"
"201",-52.673,-26.2284999992513,3184,4169,4118501,"PATO BRANCO","PATO BRANCO","Polo de alta complexidade de serviços de saúde","polo de baixa e media complexidade de serviços de saúde"
"202",-50.1707,-25.0979999992745,3202,4187,4119905,"PONTA GROSSA","PONTA GROSSA","Polo de alta complexidade de serviços de saúde","polo de baixa e media complexidade de serviços de saúde"
"203",-53.7403,-24.7226999992825,3306,4291,4127700,"TOLEDO","TOLEDO","Polo de alta complexidade de serviços de saúde","polo de baixa e media complexidade de serviços de saúde"
"204",-53.3112,-23.7630999993034,3314,4299,4128104,"UMUARAMA","UMUARAMA","Polo de alta complexidade de serviços de saúde","polo de baixa e media complexidade de serviços de saúde"
"205",-51.0882,-26.2306999992513,3315,4300,4128203,"UNIAO DA VITORIA","UNIAO DA VITORIA","Polo de alta complexidade de serviços de saúde","polo de baixa e media complexidade de serviços de saúde"
"206",-49.485435,-28.9351769992005,3345,4330,4201406,"ARARANGUA","ARARANGUA","Subpolo de alta complexidade de serviços de saúde","polo de baixa e media complexidade de serviços de saúde"
"207",-49.069267,-26.9143609992378,3363,4348,4202404,"BLUMENAU","BLUMENAU","Polo de alta complexidade de serviços de saúde","polo de baixa e media complexidade de serviços de saúde"
"208",-48.900339,-27.0987439992342,3374,4359,4202909,"BRUSQUE","BRUSQUE","Subpolo de alta complexidade de serviços de saúde","subpolo de baixa e media complexidade de serviços de saúde"
"209",-50.3909,-26.1775219992524,3385,4370,4203808,"CANOINHAS","CANOINHAS","Polo de alta complexidade de serviços de saúde","polo de baixa e media complexidade de serviços de saúde"
"210",-52.613886,-27.1042639992341,3393,4378,4204202,"CHAPECO","CHAPECO","Polo de alta complexidade de serviços de saúde","polo de baixa e media complexidade de serviços de saúde"
"211",-52.023,-27.2314279992317,3395,4380,4204301,"CONCORDIA","CONCORDIA","Polo de alta complexidade de serviços de saúde","polo de baixa e media complexidade de serviços de saúde"
"212",-49.3693,-28.6778169992051,3401,4386,4204608,"CRICIUMA","CRICIUMA","Polo de alta complexidade de serviços de saúde","polo de baixa e media complexidade de serviços de saúde"
"213",-50.581511,-27.2833729992307,3404,4389,4204806,"CURITIBANOS","CURITIBANOS","Polo de alta complexidade de serviços de saúde","polo de baixa e media complexidade de serviços de saúde"
"214",-48.549694,-27.5975249992247,3414,4399,4205407,"FLORIANOPOLIS","FLORIANOPOLIS","Polo de alta complexidade de serviços de saúde","polo de baixa e media complexidade de serviços de saúde"
"215",-49.299528,-28.7141419992044,3435,4420,4207007,"ICARA","ICARA","Subpolo de alta complexidade de serviços de saúde","subpolo de baixa e media complexidade de serviços de saúde"
"216",-48.655469,-26.904777999238,3452,4437,4208203,"ITAJAI","ITAJAI","Polo de alta complexidade de serviços de saúde","polo de baixa e media complexidade de serviços de saúde"
"217",-49.082519,-26.4835939992463,3460,4445,4208906,"JARAGUA DO SUL","JARAGUA DO SUL","Polo de alta complexidade de serviços de saúde","polo de baixa e media complexidade de serviços de saúde"
"218",-51.504683,-27.1739969992328,3462,4447,4209003,"JOACABA","JOACABA","Polo de alta complexidade de serviços de saúde","polo de baixa e media complexidade de serviços de saúde"
"219",-48.841675,-26.3016219992499,3463,4448,4209102,"JOINVILLE","JOINVILLE","Polo de alta complexidade de serviços de saúde","polo de baixa e media complexidade de serviços de saúde"
"220",-50.325828,-27.8168599992207,3467,4452,4209300,"LAGES","LAGES","Polo de alta complexidade de serviços de saúde","polo de baixa e media complexidade de serviços de saúde"
"221",-49.803206,-26.1109939992537,3479,4464,4210100,"MAFRA","MAFRA","Polo de alta complexidade de serviços de saúde","polo de baixa e media complexidade de serviços de saúde"
"222",-51.080511,-26.2332419992513,3531,4516,4213609,"PORTO UNIAO","PORTO UNIAO","Subpolo de alta complexidade de serviços de saúde","subpolo de baixa e media complexidade de serviços de saúde"
"223",-49.643178,-27.215257999232,3544,4529,4214805,"RIO DO SUL","RIO DO SUL","Polo de alta complexidade de serviços de saúde","polo de baixa e media complexidade de serviços de saúde"
"224",-48.627794,-27.6159139992243,3575,4560,4216602,"SAO JOSE","SAO JOSE","Subpolo de alta complexidade de serviços de saúde","subpolo de baixa e media complexidade de serviços de saúde"
"225",-53.518431,-26.7266389992415,3582,4567,4217204,"SAO MIGUEL DO OESTE","SAO MIGUEL DO OESTE","Polo de alta complexidade de serviços de saúde","polo de baixa e media complexidade de serviços de saúde"
"226",-49.006353,-28.4837579992084,3603,4588,4218707,"TUBARAO","TUBARAO","Polo de alta complexidade de serviços de saúde","polo de baixa e media complexidade de serviços de saúde"
"227",-51.154417,-27.005774999236,3614,4599,4219309,"VIDEIRA","VIDEIRA","Polo de alta complexidade de serviços de saúde","polo de baixa e media complexidade de serviços de saúde"
"228",-52.404874,-26.8766299992385,3617,4602,4219507,"XANXERE","XANXERE","Polo de alta complexidade de serviços de saúde","polo de baixa e media complexidade de serviços de saúde"
"229",-51.51556,-29.1674019991965,3664,4649,4302105,"BENTO GONCALVES","BENTO GONCALVES","Polo de alta complexidade de serviços de saúde","polo de baixa e media complexidade de serviços de saúde"
"230",-52.893413,-30.0458199991817,3682,4667,4303004,"CACHOEIRA DO SUL","CACHOEIRA DO SUL","Polo de alta complexidade de serviços de saúde","polo de baixa e media complexidade de serviços de saúde"
"231",-51.814601,-30.8507039991688,3687,4672,4303509,"CAMAQUA","CAMAQUA","Polo de alta complexidade de serviços de saúde","polo de baixa e media complexidade de serviços de saúde"
"232",-51.18103,-29.9186969991838,3701,4686,4304606,"CANOAS","CANOAS","Subpolo de alta complexidade de serviços de saúde","subpolo de baixa e media complexidade de serviços de saúde"
"233",-51.17886,-29.1668989991965,3717,4702,4305108,"CAXIAS DO SUL","CAXIAS DO SUL","Polo de alta complexidade de serviços de saúde","polo de baixa e media complexidade de serviços de saúde"
"234",-53.605241,-28.6424469992056,3746,4731,4306106,"CRUZ ALTA","CRUZ ALTA","Polo de alta complexidade de serviços de saúde","polo de baixa e media complexidade de serviços de saúde"
"235",-52.275877,-27.633405999224,3769,4754,4307005,"ERECHIM","ERECHIM","Polo de alta complexidade de serviços de saúde","polo de baixa e media complexidade de serviços de saúde"
"236",-51.97026,-29.5034719991907,3780,4765,4307807,"ESTRELA","ESTRELA","Subpolo de alta complexidade de serviços de saúde","subpolo de baixa e media complexidade de serviços de saúde"
"237",-53.400777,-27.3588819992293,3795,4780,4308508,"FREDERICO WESTPHALEN","FREDERICO WESTPHALEN","Polo de alta complexidade de serviços de saúde","polo de baixa e media complexidade de serviços de saúde"
"238",-51.529548,-29.2545489991949,3796,4781,4308607,"GARIBALDI","GARIBALDI","Subpolo de alta complexidade de serviços de saúde","subpolo de baixa e media complexidade de serviços de saúde"
"239",-51.890651,-28.849133999202,3810,4795,4309407,"GUAPORE","GUAPORE","Polo de alta complexidade de serviços de saúde","polo de baixa e media complexidade de serviços de saúde"
"240",-53.918067,-28.3885369992102,3823,4808,4310207,"IJUI","IJUI","Polo de alta complexidade de serviços de saúde","polo de baixa e media complexidade de serviços de saúde"
"241",-51.967828,-29.4654539991914,3853,4838,4311403,"LAJEADO","LAJEADO","Polo de alta complexidade de serviços de saúde","polo de baixa e media complexidade de serviços de saúde"
"242",-51.461681,-29.6895029991876,3880,4865,4312401,"MONTENEGRO","MONTENEGRO","Polo de alta complexidade de serviços de saúde","polo de baixa e media complexidade de serviços de saúde"
"243",-51.128605,-29.6863259991876,3908,4893,4313409,"NOVO HAMBURGO","NOVO HAMBURGO","Subpolo de alta complexidade de serviços de saúde","subpolo de baixa e media complexidade de serviços de saúde"
"244",-52.407095,-28.2617669992125,3926,4911,4314100,"PASSO FUNDO","PASSO FUNDO","Polo de alta complexidade de serviços de saúde","polo de baixa e media complexidade de serviços de saúde"
"245",-52.34432,-31.7195979991556,3932,4917,4314407,"PELOTAS","PELOTAS","Polo de alta complexidade de serviços de saúde","polo de baixa e media complexidade de serviços de saúde"
"246",-51.22866,-30.0300369991819,3947,4932,4314902,"PORTO ALEGRE","PORTO ALEGRE","Polo de alta complexidade de serviços de saúde","polo de baixa e media complexidade de serviços de saúde"
"247",-52.08677,-32.0504459991508,3965,4950,4315602,"RIO GRANDE","RIO GRANDE","Polo de alta complexidade de serviços de saúde","polo de baixa e media complexidade de serviços de saúde"
"248",-53.168531,-27.4704029992271,3969,4954,4315909,"RODEIO BONITO","RODEIO BONITO","Polo de alta complexidade de serviços de saúde","polo de baixa e media complexidade de serviços de saúde"
"249",-52.429929,-29.719767999187,3985,4970,4316808,"SANTA CRUZ DO SUL","SANTA CRUZ DO SUL","Polo de alta complexidade de serviços de saúde","polo de baixa e media complexidade de serviços de saúde"
"250",-53.808675,-29.6855819991876,3986,4971,4316907,"SANTA MARIA","SANTA MARIA","Polo de alta complexidade de serviços de saúde","polo de baixa e media complexidade de serviços de saúde"
"251",-54.478224,-27.8667499992198,3991,4976,4317202,"SANTA ROSA","SANTA ROSA","Polo de alta complexidade de serviços de saúde","polo de baixa e media complexidade de serviços de saúde"
"252",-54.869076,-29.191459999196,3994,4979,4317400,"SANTIAGO","SANTIAGO","Polo de alta complexidade de serviços de saúde","polo de baixa e media complexidade de serviços de saúde"
"253",-54.264143,-28.3019379992118,3995,4980,4317509,"SANTO ANGELO","SANTO ANGELO","Polo de alta complexidade de serviços de saúde","polo de baixa e media complexidade de serviços de saúde"
"254",-56.001029,-28.6628379992053,4003,4988,4318002,"SAO BORJA","SAO BORJA","Polo de alta complexidade de serviços de saúde","polo de baixa e media complexidade de serviços de saúde"
"255",-39.011745,-4.96369999983714,4040,1040,2311306,"QUIXADA","QUIXADA","Polo de alta complexidade de serviços de saúde","polo de baixa e media complexidade de serviços de saúde"
"256",-37.975431,-4.93973799983786,4046,1046,2311801,"RUSSAS","RUSSAS","Polo de alta complexidade de serviços de saúde","polo de baixa e media complexidade de serviços de saúde"
"257",-40.348668,-3.68803799987859,4058,1058,2312908,"SOBRAL","SOBRAL","Polo de alta complexidade de serviços de saúde","polo de baixa e media complexidade de serviços de saúde"
"258",-37.09426,-6.46267699978866,4098,1098,2402006,"CAICO","CAICO","Polo de alta complexidade de serviços de saúde","polo de baixa e media complexidade de serviços de saúde"
"259",-36.515076,-6.26285699979505,4109,1109,2403103,"CURRAIS NOVOS","CURRAIS NOVOS","Polo de alta complexidade de serviços de saúde","polo de baixa e media complexidade de serviços de saúde"
"260",-37.341204,-5.19254099982968,4163,1163,2408003,"MOSSORO","MOSSORO","Polo de alta complexidade de serviços de saúde","polo de baixa e media complexidade de serviços de saúde"
"261",-35.208106,-5.78449499981052,4164,1164,2408102,"NATAL","NATAL","Polo de alta complexidade de serviços de saúde","polo de baixa e media complexidade de serviços de saúde"
"262",-38.203506,-6.11267099979986,4178,1178,2409407,"PAU DOS FERROS","PAU DOS FERROS","Polo de alta complexidade de serviços de saúde","polo de baixa e media complexidade de serviços de saúde"
"263",-38.558864,-6.88772499977497,4290,1290,2503704,"CAJAZEIRAS","CAJAZEIRAS","Polo de alta complexidade de serviços de saúde","polo de baixa e media complexidade de serviços de saúde"
"264",-35.889167,-7.22194999976429,4294,1294,2504009,"CAMPINA GRANDE","CAMPINA GRANDE","Polo de alta complexidade de serviços de saúde","polo de baixa e media complexidade de serviços de saúde"
"265",-35.489158,-6.85305799977606,4326,1326,2506301,"GUARABIRA","GUARABIRA","Polo de alta complexidade de serviços de saúde","polo de baixa e media complexidade de serviços de saúde"
"266",-34.890006,-7.11533899976771,4338,1338,2507507,"JOAO PESSOA","JOAO PESSOA","Polo de alta complexidade de serviços de saúde","polo de baixa e media complexidade de serviços de saúde"
"267",-37.276756,-7.02640799977055,4378,1378,2510808,"PATOS","PATOS","Polo de alta complexidade de serviços de saúde","polo de baixa e media complexidade de serviços de saúde"
"268",-38.229022,-6.75869199977912,4453,1453,2516201,"SOUSA","SOUSA","Polo de alta complexidade de serviços de saúde","polo de baixa e media complexidade de serviços de saúde"
"269",-37.638404,-7.75017499974753,4467,1467,2600104,"AFOGADOS DA INGAZEIRA","AFOGADOS DA INGAZEIRA","Polo de alta complexidade de serviços de saúde","polo de baixa e media complexidade de serviços de saúde"
"270",-35.969601,-8.28636799973045,4510,1510,2604106,"CARUARU","CARUARU","Polo de alta complexidade de serviços de saúde","polo de baixa e media complexidade de serviços de saúde"
"271",-36.4962,-8.89112999971146,4532,1532,2606002,"GARANHUNS","GARANHUNS","Subpolo de alta complexidade de serviços de saúde","polo de baixa e media complexidade de serviços de saúde"
"272",-35.019568,-8.10997699973613,4553,1553,2607901,"JABOATAO DOS GUARARAPES","JABOATAO DOS GUARARAPES","Subpolo de alta complexidade de serviços de saúde","subpolo de baixa e media complexidade de serviços de saúde"
"273",-35.584871,-8.68069299971811,4580,1580,2610004,"PALMARES","PALMARES","Polo de alta complexidade de serviços de saúde","polo de baixa e media complexidade de serviços de saúde"
"274",-40.5011,-9.40171999969549,4591,1591,2611101,"PETROLINA","PETROLINA","Polo de alta complexidade de serviços de saúde","polo de baixa e media complexidade de serviços de saúde"
"275",-34.888942,-8.06276199973757,4597,1597,2611606,"RECIFE","RECIFE","Polo de alta complexidade de serviços de saúde","polo de baixa e media complexidade de serviços de saúde"
"276",-36.662125,-9.75094999968455,4653,1653,2700300,"ARAPIRACA","ARAPIRACA","Polo de alta complexidade de serviços de saúde","polo de baixa e media complexidade de serviços de saúde"
"277",-35.739361,-9.6603359996874,4697,1697,2704302,"MACEIO","MACEIO","Polo de alta complexidade de serviços de saúde","polo de baixa e media complexidade de serviços de saúde"
"278",-37.243194,-9.37200299969637,4736,1736,2708006,"SANTANA DO IPANEMA","SANTANA DO IPANEMA","Polo de alta complexidade de serviços de saúde","polo de baixa e media complexidade de serviços de saúde"
"279",-37.051439,-10.9132669996487,4755,1755,2800308,"ARACAJU","ARACAJU","Polo de alta complexidade de serviços de saúde","polo de baixa e media complexidade de serviços de saúde"
"280",-37.437799,-11.2681919996379,4771,1771,2802106,"ESTANCIA","ESTANCIA","Polo de alta complexidade de serviços de saúde","polo de baixa e media complexidade de serviços de saúde"
"281",-37.42714,-10.6855209996557,4779,1779,2802908,"ITABAIANA","ITABAIANA","Polo de alta complexidade de serviços de saúde","polo de baixa e media complexidade de serviços de saúde"
"282",-38.424449,-12.1376809996115,4835,1835,2900702,"ALAGOINHAS","ALAGOINHAS","Polo de alta complexidade de serviços de saúde","polo de baixa e media complexidade de serviços de saúde"
"283",-44.994514,-12.1466509996113,4866,1866,2903201,"BARREIRAS","BARREIRAS","Polo de alta complexidade de serviços de saúde","polo de baixa e media complexidade de serviços de saúde"
"284",-39.584172,-16.3751669994889,4955,1955,2910727,"EUNAPOLIS","EUNAPOLIS","Polo de alta complexidade de serviços de saúde","polo de baixa e media complexidade de serviços de saúde"
"285",-38.965161,-12.255593999608,4958,1958,2910800,"FEIRA DE SANTANA","FEIRA DE SANTANA","Polo de alta complexidade de serviços de saúde","polo de baixa e media complexidade de serviços de saúde"
"286",-42.781731,-14.2196939995501,4970,1970,2911709,"GUANAMBI","GUANAMBI","Polo de alta complexidade de serviços de saúde","polo de baixa e media complexidade de serviços de saúde"
"287",-39.033961,-14.7978439995334,4991,1991,2913606,"ILHEUS","ILHEUS","Polo de alta complexidade de serviços de saúde","polo de baixa e media complexidade de serviços de saúde"
"288",-54.95966,-28.4066469992099,5007,5007,4318903,"SAO LUIZ GONZAGA","SAO LUIZ GONZAGA","Polo de alta complexidade de serviços de saúde","polo de baixa e media complexidade de serviços de saúde"
"289",-52.022133,-28.0841709992157,5045,5045,4320909,"TAPEJARA","TAPEJARA","Polo de alta complexidade de serviços de saúde","polo de baixa e media complexidade de serviços de saúde"
"290",-53.75727,-27.372166999229,5052,5052,4321402,"TENENTE PORTELA","TENENTE PORTELA","Polo de alta complexidade de serviços de saúde","polo de baixa e media complexidade de serviços de saúde"
"291",-51.812817,-29.4889139991909,5054,5054,4321451,"TEUTONIA","TEUTONIA","Polo de alta complexidade de serviços de saúde","polo de baixa e media complexidade de serviços de saúde"
"292",-49.730404,-29.3359309991936,5058,5058,4321501,"TORRES","TORRES","Subpolo de alta complexidade de serviços de saúde","polo de baixa e media complexidade de serviços de saúde"
"293",-57.081825,-29.7598229991864,5080,5080,4322400,"URUGUAIANA","URUGUAIANA","Polo de alta complexidade de serviços de saúde","polo de baixa e media complexidade de serviços de saúde"
"294",-50.937292,-28.5019719992081,5081,5081,4322509,"VACARIA","VACARIA","Polo de alta complexidade de serviços de saúde","polo de baixa e media complexidade de serviços de saúde"
"295",-51.552287,-28.9339569992006,5088,5088,4322806,"VERANOPOLIS","VERANOPOLIS","Polo de alta complexidade de serviços de saúde","polo de baixa e media complexidade de serviços de saúde"
"296",-54.608595,-20.4626319993813,5123,5123,5002704,"CAMPO GRANDE","CAMPO GRANDE","Polo de alta complexidade de serviços de saúde","polo de baixa e media complexidade de serviços de saúde"
"297",-57.6670796439322,-19.0091108173046,5129,5129,5003207,"CORUMBA","CORUMBA","Subpolo de alta complexidade de serviços de saúde","subpolo de baixa e media complexidade de serviços de saúde"
"298",-54.783149,-22.2410009993382,5135,5135,5003702,"DOURADOS","DOURADOS","Polo de alta complexidade de serviços de saúde","polo de baixa e media complexidade de serviços de saúde"
"299",-51.708894,-20.7911209993731,5181,5181,5008305,"TRES LAGOAS","TRES LAGOAS","Polo de alta complexidade de serviços de saúde","polo de baixa e media complexidade de serviços de saúde"
"300",-52.161837,-14.0570329995548,5184,5184,5100201,"AGUA BOA","AGUA BOA","Polo de alta complexidade de serviços de saúde","polo de baixa e media complexidade de serviços de saúde"
"301",-52.264919,-15.8941139995024,5199,5199,5101803,"BARRA DO GARCAS","BARRA DO GARCAS","Polo de alta complexidade de serviços de saúde","polo de baixa e media complexidade de serviços de saúde"
"302",-57.686718,-16.0647959994977,5202,5202,5102504,"CACERES","CACERES","Polo de alta complexidade de serviços de saúde","polo de baixa e media complexidade de serviços de saúde"
"303",-56.100424,-15.6006039995106,5220,5220,5103403,"CUIABA","CUIABA","Polo de alta complexidade de serviços de saúde","polo de baixa e media complexidade de serviços de saúde"
"304",-54.622089,-16.4750609994862,5296,5296,5107602,"RONDONOPOLIS","RONDONOPOLIS","Polo de alta complexidade de serviços de saúde","polo de baixa e media complexidade de serviços de saúde"
"305",-55.511217,-11.8564919996201,5307,5307,5107909,"SINOP","SINOP","Polo de alta complexidade de serviços de saúde","polo de baixa e media complexidade de serviços de saúde"
"306",-55.727483,-12.5452999995993,5308,5308,5107925,"SORRISO","SORRISO","Polo de alta complexidade de serviços de saúde","polo de baixa e media complexidade de serviços de saúde"
"307",-57.488264,-14.6196419995386,5310,5310,5107958,"TANGARA DA SERRA","TANGARA DA SERRA","Subpolo de alta complexidade de serviços de saúde","polo de baixa e media complexidade de serviços de saúde"
"308",-48.957261,-16.3279919994903,5339,5339,5201108,"ANAPOLIS","ANAPOLIS","Polo de alta complexidade de serviços de saúde","polo de baixa e media complexidade de serviços de saúde"
"309",-49.244749,-16.8227109994767,5342,5342,5201405,"APARECIDA DE GOIANIA","APARECIDA DE GOIANIA","Subpolo de alta complexidade de serviços de saúde","subpolo de baixa e media complexidade de serviços de saúde"
"310",-49.603268,-15.3106189995188,5385,5385,5205406,"CERES","CERES","Polo de alta complexidade de serviços de saúde","polo de baixa e media complexidade de serviços de saúde"
"311",-49.256452,-16.6802279994806,5418,5418,5208707,"GOIANIA","GOIANIA","Polo de alta complexidade de serviços de saúde","polo de baixa e media complexidade de serviços de saúde"
"312",-49.216179,-18.4194229994337,5447,5447,5211503,"ITUMBIARA","ITUMBIARA","Polo de alta complexidade de serviços de saúde","polo de baixa e media complexidade de serviços de saúde"
"313",-52.551482,-17.5703439994563,5467,5467,5213103,"MINEIROS","MINEIROS","Polo de alta complexidade de serviços de saúde","polo de baixa e media complexidade de serviços de saúde"
"314",-50.908057,-17.7853029994506,5521,5521,5218805,"RIO VERDE","RIO VERDE","Polo de alta complexidade de serviços de saúde","polo de baixa e media complexidade de serviços de saúde"
"315",-50.597169,-17.8136919994498,5527,5527,5219308,"SANTA HELENA DE GOIAS","SANTA HELENA DE GOIAS","Polo de alta complexidade de serviços de saúde","subpolo de baixa e media complexidade de serviços de saúde"
"316",-47.908056,-15.7843389995054,5570,5570,5300108,"BRASILIA","BRASILIA","Polo de alta complexidade de serviços de saúde","polo de baixa e media complexidade de serviços de saúde"
